representation,task,wacc,uar,r_Present,r_Unknown,r_Absent,weight_file,run_id,report
BYOLA,circor1,0.5844444444444444,0.632747351814289,0.6666666666666666,0.8235294117647058,0.4080459770114942,external/byol_a/pretrained_weights/AudioNTT2020-BYOLA-64x96d2048.pth,circor1_ar_byola.AR_BYOLA_ca67c1d1,"Finetuning circor1_ar_byola.AR_BYOLA_ca67c1d1- on circor1 -> weighted_accuracy: 0.58444. UAR: 0.63275, recall per class: [0.66666667 0.82352941 0.40804598], best weight: logs/circor1_ar_byola.AR_BYOLA_ca67c1d1/weights_ep43it69-0.64123_loss0.8089.pth, config: {'audio_repr': 'ar_byola.AR_BYOLA', 'weight_file': 'external/byol_a/pretrained_weights/AudioNTT2020-BYOLA-64x96d2048.pth', 'feature_d': 2048, 'sample_rate': 16000, 'n_fft': 1024, 'window_size': 1024, 'hop_size': 160, 'n_mels': 64, 'f_min': 60, 'f_max': 7800, 'temporal_pooling_type': 'mean_max', 'batch_size': 256, 'lr_lineareval': 0.0003, 'report_per_epochs': 20, 'early_stop_epochs': 20, 'warmup_epochs': 5, 'mixup': 0.0, 'ft_bs': 256, 'ft_lr': 0.001, 'ft_early_stop_epochs': -1, 'ft_epochs': 50, 'ft_freq_mask': 20, 'ft_time_mask': 50, 'ft_rrc': False, 'name': '', 'task_metadata': 'evar/metadata/circor1.csv', 'task_data': 'work/16k/circor1', 'unit_samples': 80000, 'id': 'circor1_ar_byola.AR_BYOLA_ca67c1d1', 'training_mask': 0.0, 'optim': 'sgd', 'unit_sec': None, 'data_path': 'work', 'eval_checkpoint': PosixPath('logs/circor1_ar_byola.AR_BYOLA_ca67c1d1/weights_ep43it69-0.64123_loss0.8089.pth'), 'runtime_cfg': {'lr': 0.001, 'seed': 43, 'hidden': [], 'mixup': 0.0, 'bs': 256, 'freq_mask': 20, 'time_mask': 50, 'rrc': False, 'epochs': 50, 'early_stop_epochs': -1, 'n_class': 3, 'id': 'c8e723cc'}}"
BYOLA,circor5,0.5244444444444445,0.5247464503042596,0.5333333333333333,0.5294117647058824,0.5114942528735632,external/byol_a/pretrained_weights/AudioNTT2020-BYOLA-64x96d2048.pth,circor5_ar_byola.AR_BYOLA_ab39d538,"Finetuning circor5_ar_byola.AR_BYOLA_ab39d538- on circor5 -> weighted_accuracy: 0.52444. UAR: 0.52475, recall per class: [0.53333333 0.52941176 0.51149425], best weight: logs/circor5_ar_byola.AR_BYOLA_ab39d538/weights_ep2it70-0.62674_loss1.5752.pth, config: {'audio_repr': 'ar_byola.AR_BYOLA', 'weight_file': 'external/byol_a/pretrained_weights/AudioNTT2020-BYOLA-64x96d2048.pth', 'feature_d': 2048, 'sample_rate': 16000, 'n_fft': 1024, 'window_size': 1024, 'hop_size': 160, 'n_mels': 64, 'f_min': 60, 'f_max': 7800, 'temporal_pooling_type': 'mean_max', 'batch_size': 256, 'lr_lineareval': 0.0003, 'report_per_epochs': 20, 'early_stop_epochs': 20, 'warmup_epochs': 5, 'mixup': 0.0, 'ft_bs': 256, 'ft_lr': 0.001, 'ft_early_stop_epochs': -1, 'ft_epochs': 50, 'ft_freq_mask': 20, 'ft_time_mask': 50, 'ft_rrc': False, 'name': '', 'task_metadata': 'evar/metadata/circor5.csv', 'task_data': 'work/16k/circor5', 'unit_samples': 80000, 'id': 'circor5_ar_byola.AR_BYOLA_ab39d538', 'training_mask': 0.0, 'optim': 'sgd', 'unit_sec': None, 'data_path': 'work', 'eval_checkpoint': PosixPath('logs/circor5_ar_byola.AR_BYOLA_ab39d538/weights_ep2it70-0.62674_loss1.5752.pth'), 'runtime_cfg': {'lr': 0.001, 'seed': 43, 'hidden': [], 'mixup': 0.0, 'bs': 256, 'freq_mask': 20, 'time_mask': 50, 'rrc': False, 'epochs': 50, 'early_stop_epochs': -1, 'n_class': 3, 'id': 'c8e723cc'}}"
BYOLA,circor4,0.58,0.5305536774096612,0.8222222222222222,0.4705882352941176,0.2988505747126437,external/byol_a/pretrained_weights/AudioNTT2020-BYOLA-64x96d2048.pth,circor4_ar_byola.AR_BYOLA_4123a57e,"Finetuning circor4_ar_byola.AR_BYOLA_4123a57e- on circor4 -> weighted_accuracy: 0.58000. UAR: 0.53055, recall per class: [0.82222222 0.47058824 0.29885057], best weight: logs/circor4_ar_byola.AR_BYOLA_4123a57e/weights_ep19it70-0.59805_loss1.1080.pth, config: {'audio_repr': 'ar_byola.AR_BYOLA', 'weight_file': 'external/byol_a/pretrained_weights/AudioNTT2020-BYOLA-64x96d2048.pth', 'feature_d': 2048, 'sample_rate': 16000, 'n_fft': 1024, 'window_size': 1024, 'hop_size': 160, 'n_mels': 64, 'f_min': 60, 'f_max': 7800, 'temporal_pooling_type': 'mean_max', 'batch_size': 256, 'lr_lineareval': 0.0003, 'report_per_epochs': 20, 'early_stop_epochs': 20, 'warmup_epochs': 5, 'mixup': 0.0, 'ft_bs': 256, 'ft_lr': 0.001, 'ft_early_stop_epochs': -1, 'ft_epochs': 50, 'ft_freq_mask': 20, 'ft_time_mask': 50, 'ft_rrc': False, 'name': '', 'task_metadata': 'evar/metadata/circor4.csv', 'task_data': 'work/16k/circor4', 'unit_samples': 80000, 'id': 'circor4_ar_byola.AR_BYOLA_4123a57e', 'training_mask': 0.0, 'optim': 'sgd', 'unit_sec': None, 'data_path': 'work', 'eval_checkpoint': PosixPath('logs/circor4_ar_byola.AR_BYOLA_4123a57e/weights_ep19it70-0.59805_loss1.1080.pth'), 'runtime_cfg': {'lr': 0.001, 'seed': 43, 'hidden': [], 'mixup': 0.0, 'bs': 256, 'freq_mask': 20, 'time_mask': 50, 'rrc': False, 'epochs': 50, 'early_stop_epochs': -1, 'n_class': 3, 'id': 'c8e723cc'}}"
BYOLA,circor1,0.6177777777777778,0.6125535271579897,0.6,0.5882352941176471,0.6494252873563219,external/byol_a/pretrained_weights/AudioNTT2020-BYOLA-64x96d2048.pth,circor1_ar_byola.AR_BYOLA_ca67c1d1,"Finetuning circor1_ar_byola.AR_BYOLA_ca67c1d1- on circor1 -> weighted_accuracy: 0.61778. UAR: 0.61255, recall per class: [0.6        0.58823529 0.64942529], best weight: logs/circor1_ar_byola.AR_BYOLA_ca67c1d1/weights_ep26it69-0.70984_loss0.8527.pth, config: {'audio_repr': 'ar_byola.AR_BYOLA', 'weight_file': 'external/byol_a/pretrained_weights/AudioNTT2020-BYOLA-64x96d2048.pth', 'feature_d': 2048, 'sample_rate': 16000, 'n_fft': 1024, 'window_size': 1024, 'hop_size': 160, 'n_mels': 64, 'f_min': 60, 'f_max': 7800, 'temporal_pooling_type': 'mean_max', 'batch_size': 256, 'lr_lineareval': 0.0003, 'report_per_epochs': 20, 'early_stop_epochs': 20, 'warmup_epochs': 5, 'mixup': 0.0, 'ft_bs': 256, 'ft_lr': 0.001, 'ft_early_stop_epochs': -1, 'ft_epochs': 50, 'ft_freq_mask': 20, 'ft_time_mask': 50, 'ft_rrc': False, 'name': '', 'task_metadata': 'evar/metadata/circor1.csv', 'task_data': 'work/16k/circor1', 'unit_samples': 80000, 'id': 'circor1_ar_byola.AR_BYOLA_ca67c1d1', 'training_mask': 0.0, 'optim': 'sgd', 'unit_sec': None, 'data_path': 'work', 'eval_checkpoint': PosixPath('logs/circor1_ar_byola.AR_BYOLA_ca67c1d1/weights_ep26it69-0.70984_loss0.8527.pth'), 'runtime_cfg': {'lr': 0.001, 'seed': 44, 'hidden': [], 'mixup': 0.0, 'bs': 256, 'freq_mask': 20, 'time_mask': 50, 'rrc': False, 'epochs': 50, 'early_stop_epochs': -1, 'n_class': 3, 'id': '6405d08c'}}"
BYOLA,circor5,0.6133333333333333,0.5497708662008866,0.7777777777777778,0.4117647058823529,0.4597701149425287,external/byol_a/pretrained_weights/AudioNTT2020-BYOLA-64x96d2048.pth,circor5_ar_byola.AR_BYOLA_ab39d538,"Finetuning circor5_ar_byola.AR_BYOLA_ab39d538- on circor5 -> weighted_accuracy: 0.61333. UAR: 0.54977, recall per class: [0.77777778 0.41176471 0.45977011], best weight: logs/circor5_ar_byola.AR_BYOLA_ab39d538/weights_ep32it70-0.69070_loss1.3857.pth, config: {'audio_repr': 'ar_byola.AR_BYOLA', 'weight_file': 'external/byol_a/pretrained_weights/AudioNTT2020-BYOLA-64x96d2048.pth', 'feature_d': 2048, 'sample_rate': 16000, 'n_fft': 1024, 'window_size': 1024, 'hop_size': 160, 'n_mels': 64, 'f_min': 60, 'f_max': 7800, 'temporal_pooling_type': 'mean_max', 'batch_size': 256, 'lr_lineareval': 0.0003, 'report_per_epochs': 20, 'early_stop_epochs': 20, 'warmup_epochs': 5, 'mixup': 0.0, 'ft_bs': 256, 'ft_lr': 0.001, 'ft_early_stop_epochs': -1, 'ft_epochs': 50, 'ft_freq_mask': 20, 'ft_time_mask': 50, 'ft_rrc': False, 'name': '', 'task_metadata': 'evar/metadata/circor5.csv', 'task_data': 'work/16k/circor5', 'unit_samples': 80000, 'id': 'circor5_ar_byola.AR_BYOLA_ab39d538', 'training_mask': 0.0, 'optim': 'sgd', 'unit_sec': None, 'data_path': 'work', 'eval_checkpoint': PosixPath('logs/circor5_ar_byola.AR_BYOLA_ab39d538/weights_ep32it70-0.69070_loss1.3857.pth'), 'runtime_cfg': {'lr': 0.001, 'seed': 44, 'hidden': [], 'mixup': 0.0, 'bs': 256, 'freq_mask': 20, 'time_mask': 50, 'rrc': False, 'epochs': 50, 'early_stop_epochs': -1, 'n_class': 3, 'id': '6405d08c'}}"
BYOLA,circor4,0.5977777777777777,0.5896326346630607,0.8,0.6470588235294118,0.3218390804597701,external/byol_a/pretrained_weights/AudioNTT2020-BYOLA-64x96d2048.pth,circor4_ar_byola.AR_BYOLA_4123a57e,"Finetuning circor4_ar_byola.AR_BYOLA_4123a57e- on circor4 -> weighted_accuracy: 0.59778. UAR: 0.58963, recall per class: [0.8        0.64705882 0.32183908], best weight: logs/circor4_ar_byola.AR_BYOLA_4123a57e/weights_ep23it70-0.57743_loss0.9111.pth, config: {'audio_repr': 'ar_byola.AR_BYOLA', 'weight_file': 'external/byol_a/pretrained_weights/AudioNTT2020-BYOLA-64x96d2048.pth', 'feature_d': 2048, 'sample_rate': 16000, 'n_fft': 1024, 'window_size': 1024, 'hop_size': 160, 'n_mels': 64, 'f_min': 60, 'f_max': 7800, 'temporal_pooling_type': 'mean_max', 'batch_size': 256, 'lr_lineareval': 0.0003, 'report_per_epochs': 20, 'early_stop_epochs': 20, 'warmup_epochs': 5, 'mixup': 0.0, 'ft_bs': 256, 'ft_lr': 0.001, 'ft_early_stop_epochs': -1, 'ft_epochs': 50, 'ft_freq_mask': 20, 'ft_time_mask': 50, 'ft_rrc': False, 'name': '', 'task_metadata': 'evar/metadata/circor4.csv', 'task_data': 'work/16k/circor4', 'unit_samples': 80000, 'id': 'circor4_ar_byola.AR_BYOLA_4123a57e', 'training_mask': 0.0, 'optim': 'sgd', 'unit_sec': None, 'data_path': 'work', 'eval_checkpoint': PosixPath('logs/circor4_ar_byola.AR_BYOLA_4123a57e/weights_ep23it70-0.57743_loss0.9111.pth'), 'runtime_cfg': {'lr': 0.001, 'seed': 44, 'hidden': [], 'mixup': 0.0, 'bs': 256, 'freq_mask': 20, 'time_mask': 50, 'rrc': False, 'epochs': 50, 'early_stop_epochs': -1, 'n_class': 3, 'id': '6405d08c'}}"
BYOLA,circor5,0.5977777777777777,0.5545638945233266,0.7333333333333333,0.4705882352941176,0.4597701149425287,external/byol_a/pretrained_weights/AudioNTT2020-BYOLA-64x96d2048.pth,circor5_ar_byola.AR_BYOLA_ab39d538,"Finetuning circor5_ar_byola.AR_BYOLA_ab39d538- on circor5 -> weighted_accuracy: 0.59778. UAR: 0.55456, recall per class: [0.73333333 0.47058824 0.45977011], best weight: logs/circor5_ar_byola.AR_BYOLA_ab39d538/weights_ep8it70-0.64457_loss0.8520.pth, config: {'audio_repr': 'ar_byola.AR_BYOLA', 'weight_file': 'external/byol_a/pretrained_weights/AudioNTT2020-BYOLA-64x96d2048.pth', 'feature_d': 2048, 'sample_rate': 16000, 'n_fft': 1024, 'window_size': 1024, 'hop_size': 160, 'n_mels': 64, 'f_min': 60, 'f_max': 7800, 'temporal_pooling_type': 'mean_max', 'batch_size': 256, 'lr_lineareval': 0.0003, 'report_per_epochs': 20, 'early_stop_epochs': 20, 'warmup_epochs': 5, 'mixup': 0.0, 'ft_bs': 256, 'ft_lr': 0.001, 'ft_early_stop_epochs': -1, 'ft_epochs': 50, 'ft_freq_mask': 20, 'ft_time_mask': 50, 'ft_rrc': False, 'name': '', 'task_metadata': 'evar/metadata/circor5.csv', 'task_data': 'work/16k/circor5', 'unit_samples': 80000, 'id': 'circor5_ar_byola.AR_BYOLA_ab39d538', 'training_mask': 0.0, 'optim': 'sgd', 'unit_sec': None, 'data_path': 'work', 'eval_checkpoint': PosixPath('logs/circor5_ar_byola.AR_BYOLA_ab39d538/weights_ep8it70-0.64457_loss0.8520.pth'), 'runtime_cfg': {'lr': 0.001, 'seed': 45, 'hidden': [], 'mixup': 0.0, 'bs': 256, 'freq_mask': 20, 'time_mask': 50, 'rrc': False, 'epochs': 50, 'early_stop_epochs': -1, 'n_class': 3, 'id': '839aeeb3'}}"
BYOLA,circor1,0.4844444444444444,0.5799414018480956,0.4666666666666667,0.8823529411764706,0.3908045977011494,external/byol_a/pretrained_weights/AudioNTT2020-BYOLA-64x96d2048.pth,circor1_ar_byola.AR_BYOLA_ca67c1d1,"Finetuning circor1_ar_byola.AR_BYOLA_ca67c1d1- on circor1 -> weighted_accuracy: 0.48444. UAR: 0.57994, recall per class: [0.46666667 0.88235294 0.3908046 ], best weight: logs/circor1_ar_byola.AR_BYOLA_ca67c1d1/weights_ep6it69-0.59223_loss1.1138.pth, config: {'audio_repr': 'ar_byola.AR_BYOLA', 'weight_file': 'external/byol_a/pretrained_weights/AudioNTT2020-BYOLA-64x96d2048.pth', 'feature_d': 2048, 'sample_rate': 16000, 'n_fft': 1024, 'window_size': 1024, 'hop_size': 160, 'n_mels': 64, 'f_min': 60, 'f_max': 7800, 'temporal_pooling_type': 'mean_max', 'batch_size': 256, 'lr_lineareval': 0.0003, 'report_per_epochs': 20, 'early_stop_epochs': 20, 'warmup_epochs': 5, 'mixup': 0.0, 'ft_bs': 256, 'ft_lr': 0.001, 'ft_early_stop_epochs': -1, 'ft_epochs': 50, 'ft_freq_mask': 20, 'ft_time_mask': 50, 'ft_rrc': False, 'name': '', 'task_metadata': 'evar/metadata/circor1.csv', 'task_data': 'work/16k/circor1', 'unit_samples': 80000, 'id': 'circor1_ar_byola.AR_BYOLA_ca67c1d1', 'training_mask': 0.0, 'optim': 'sgd', 'unit_sec': None, 'data_path': 'work', 'eval_checkpoint': PosixPath('logs/circor1_ar_byola.AR_BYOLA_ca67c1d1/weights_ep6it69-0.59223_loss1.1138.pth'), 'runtime_cfg': {'lr': 0.001, 'seed': 45, 'hidden': [], 'mixup': 0.0, 'bs': 256, 'freq_mask': 20, 'time_mask': 50, 'rrc': False, 'epochs': 50, 'early_stop_epochs': -1, 'n_class': 3, 'id': '839aeeb3'}}"
BYOLA,circor4,0.4,0.4652317632033656,0.0444444444444444,0.5294117647058824,0.8218390804597702,external/byol_a/pretrained_weights/AudioNTT2020-BYOLA-64x96d2048.pth,circor4_ar_byola.AR_BYOLA_4123a57e,"Finetuning circor4_ar_byola.AR_BYOLA_4123a57e- on circor4 -> weighted_accuracy: 0.40000. UAR: 0.46523, recall per class: [0.04444444 0.52941176 0.82183908], best weight: logs/circor4_ar_byola.AR_BYOLA_4123a57e/weights_ep0it70-0.71673_loss0.8952.pth, config: {'audio_repr': 'ar_byola.AR_BYOLA', 'weight_file': 'external/byol_a/pretrained_weights/AudioNTT2020-BYOLA-64x96d2048.pth', 'feature_d': 2048, 'sample_rate': 16000, 'n_fft': 1024, 'window_size': 1024, 'hop_size': 160, 'n_mels': 64, 'f_min': 60, 'f_max': 7800, 'temporal_pooling_type': 'mean_max', 'batch_size': 256, 'lr_lineareval': 0.0003, 'report_per_epochs': 20, 'early_stop_epochs': 20, 'warmup_epochs': 5, 'mixup': 0.0, 'ft_bs': 256, 'ft_lr': 0.001, 'ft_early_stop_epochs': -1, 'ft_epochs': 50, 'ft_freq_mask': 20, 'ft_time_mask': 50, 'ft_rrc': False, 'name': '', 'task_metadata': 'evar/metadata/circor4.csv', 'task_data': 'work/16k/circor4', 'unit_samples': 80000, 'id': 'circor4_ar_byola.AR_BYOLA_4123a57e', 'training_mask': 0.0, 'optim': 'sgd', 'unit_sec': None, 'data_path': 'work', 'eval_checkpoint': PosixPath('logs/circor4_ar_byola.AR_BYOLA_4123a57e/weights_ep0it70-0.71673_loss0.8952.pth'), 'runtime_cfg': {'lr': 0.001, 'seed': 45, 'hidden': [], 'mixup': 0.0, 'bs': 256, 'freq_mask': 20, 'time_mask': 50, 'rrc': False, 'epochs': 50, 'early_stop_epochs': -1, 'n_class': 3, 'id': '839aeeb3'}}"
BYOLA,circor1,0.6422222222222222,0.5578093306288032,0.6666666666666666,0.2941176470588235,0.7126436781609196,external/byol_a/pretrained_weights/AudioNTT2020-BYOLA-64x96d2048.pth,circor1_ar_byola.AR_BYOLA_ca67c1d1,"Finetuning circor1_ar_byola.AR_BYOLA_ca67c1d1- on circor1 -> weighted_accuracy: 0.64222. UAR: 0.55781, recall per class: [0.66666667 0.29411765 0.71264368], best weight: logs/circor1_ar_byola.AR_BYOLA_ca67c1d1/weights_ep5it69-0.70179_loss0.7901.pth, config: {'audio_repr': 'ar_byola.AR_BYOLA', 'weight_file': 'external/byol_a/pretrained_weights/AudioNTT2020-BYOLA-64x96d2048.pth', 'feature_d': 2048, 'sample_rate': 16000, 'n_fft': 1024, 'window_size': 1024, 'hop_size': 160, 'n_mels': 64, 'f_min': 60, 'f_max': 7800, 'temporal_pooling_type': 'mean_max', 'batch_size': 256, 'lr_lineareval': 0.0003, 'report_per_epochs': 20, 'early_stop_epochs': 20, 'warmup_epochs': 5, 'mixup': 0.0, 'ft_bs': 256, 'ft_lr': 0.001, 'ft_early_stop_epochs': -1, 'ft_epochs': 50, 'ft_freq_mask': 20, 'ft_time_mask': 50, 'ft_rrc': False, 'name': '', 'task_metadata': 'evar/metadata/circor1.csv', 'task_data': 'work/16k/circor1', 'unit_samples': 80000, 'id': 'circor1_ar_byola.AR_BYOLA_ca67c1d1', 'training_mask': 0.0, 'optim': 'sgd', 'unit_sec': None, 'data_path': 'work', 'eval_checkpoint': PosixPath('logs/circor1_ar_byola.AR_BYOLA_ca67c1d1/weights_ep5it69-0.70179_loss0.7901.pth'), 'runtime_cfg': {'lr': 0.001, 'seed': 46, 'hidden': [], 'mixup': 0.0, 'bs': 256, 'freq_mask': 20, 'time_mask': 50, 'rrc': False, 'epochs': 50, 'early_stop_epochs': -1, 'n_class': 3, 'id': '9006d30f'}}"
BYOLA,circor5,0.5888888888888889,0.5373826158816017,0.6888888888888889,0.4117647058823529,0.5114942528735632,external/byol_a/pretrained_weights/AudioNTT2020-BYOLA-64x96d2048.pth,circor5_ar_byola.AR_BYOLA_ab39d538,"Finetuning circor5_ar_byola.AR_BYOLA_ab39d538- on circor5 -> weighted_accuracy: 0.58889. UAR: 0.53738, recall per class: [0.68888889 0.41176471 0.51149425], best weight: logs/circor5_ar_byola.AR_BYOLA_ab39d538/weights_ep4it70-0.64767_loss0.9025.pth, config: {'audio_repr': 'ar_byola.AR_BYOLA', 'weight_file': 'external/byol_a/pretrained_weights/AudioNTT2020-BYOLA-64x96d2048.pth', 'feature_d': 2048, 'sample_rate': 16000, 'n_fft': 1024, 'window_size': 1024, 'hop_size': 160, 'n_mels': 64, 'f_min': 60, 'f_max': 7800, 'temporal_pooling_type': 'mean_max', 'batch_size': 256, 'lr_lineareval': 0.0003, 'report_per_epochs': 20, 'early_stop_epochs': 20, 'warmup_epochs': 5, 'mixup': 0.0, 'ft_bs': 256, 'ft_lr': 0.001, 'ft_early_stop_epochs': -1, 'ft_epochs': 50, 'ft_freq_mask': 20, 'ft_time_mask': 50, 'ft_rrc': False, 'name': '', 'task_metadata': 'evar/metadata/circor5.csv', 'task_data': 'work/16k/circor5', 'unit_samples': 80000, 'id': 'circor5_ar_byola.AR_BYOLA_ab39d538', 'training_mask': 0.0, 'optim': 'sgd', 'unit_sec': None, 'data_path': 'work', 'eval_checkpoint': PosixPath('logs/circor5_ar_byola.AR_BYOLA_ab39d538/weights_ep4it70-0.64767_loss0.9025.pth'), 'runtime_cfg': {'lr': 0.001, 'seed': 46, 'hidden': [], 'mixup': 0.0, 'bs': 256, 'freq_mask': 20, 'time_mask': 50, 'rrc': False, 'epochs': 50, 'early_stop_epochs': -1, 'n_class': 3, 'id': '9006d30f'}}"
BYOLA,circor4,0.6066666666666667,0.5263240928555329,0.5333333333333333,0.2352941176470588,0.8103448275862069,external/byol_a/pretrained_weights/AudioNTT2020-BYOLA-64x96d2048.pth,circor4_ar_byola.AR_BYOLA_4123a57e,"Finetuning circor4_ar_byola.AR_BYOLA_4123a57e- on circor4 -> weighted_accuracy: 0.60667. UAR: 0.52632, recall per class: [0.53333333 0.23529412 0.81034483], best weight: logs/circor4_ar_byola.AR_BYOLA_4123a57e/weights_ep2it70-0.74591_loss0.8063.pth, config: {'audio_repr': 'ar_byola.AR_BYOLA', 'weight_file': 'external/byol_a/pretrained_weights/AudioNTT2020-BYOLA-64x96d2048.pth', 'feature_d': 2048, 'sample_rate': 16000, 'n_fft': 1024, 'window_size': 1024, 'hop_size': 160, 'n_mels': 64, 'f_min': 60, 'f_max': 7800, 'temporal_pooling_type': 'mean_max', 'batch_size': 256, 'lr_lineareval': 0.0003, 'report_per_epochs': 20, 'early_stop_epochs': 20, 'warmup_epochs': 5, 'mixup': 0.0, 'ft_bs': 256, 'ft_lr': 0.001, 'ft_early_stop_epochs': -1, 'ft_epochs': 50, 'ft_freq_mask': 20, 'ft_time_mask': 50, 'ft_rrc': False, 'name': '', 'task_metadata': 'evar/metadata/circor4.csv', 'task_data': 'work/16k/circor4', 'unit_samples': 80000, 'id': 'circor4_ar_byola.AR_BYOLA_4123a57e', 'training_mask': 0.0, 'optim': 'sgd', 'unit_sec': None, 'data_path': 'work', 'eval_checkpoint': PosixPath('logs/circor4_ar_byola.AR_BYOLA_4123a57e/weights_ep2it70-0.74591_loss0.8063.pth'), 'runtime_cfg': {'lr': 0.001, 'seed': 46, 'hidden': [], 'mixup': 0.0, 'bs': 256, 'freq_mask': 20, 'time_mask': 50, 'rrc': False, 'epochs': 50, 'early_stop_epochs': -1, 'n_class': 3, 'id': '9006d30f'}}"
BYOLA,circor5,0.4177777777777778,0.5376680940575463,0.3111111111111111,0.8823529411764706,0.4195402298850574,external/byol_a/pretrained_weights/AudioNTT2020-BYOLA-64x96d2048.pth,circor5_ar_byola.AR_BYOLA_ab39d538,"Finetuning circor5_ar_byola.AR_BYOLA_ab39d538- on circor5 -> weighted_accuracy: 0.41778. UAR: 0.53767, recall per class: [0.31111111 0.88235294 0.41954023], best weight: logs/circor5_ar_byola.AR_BYOLA_ab39d538/weights_ep12it70-0.65194_loss1.3413.pth, config: {'audio_repr': 'ar_byola.AR_BYOLA', 'weight_file': 'external/byol_a/pretrained_weights/AudioNTT2020-BYOLA-64x96d2048.pth', 'feature_d': 2048, 'sample_rate': 16000, 'n_fft': 1024, 'window_size': 1024, 'hop_size': 160, 'n_mels': 64, 'f_min': 60, 'f_max': 7800, 'temporal_pooling_type': 'mean_max', 'batch_size': 256, 'lr_lineareval': 0.0003, 'report_per_epochs': 20, 'early_stop_epochs': 20, 'warmup_epochs': 5, 'mixup': 0.0, 'ft_bs': 256, 'ft_lr': 0.001, 'ft_early_stop_epochs': -1, 'ft_epochs': 50, 'ft_freq_mask': 20, 'ft_time_mask': 50, 'ft_rrc': False, 'name': '', 'task_metadata': 'evar/metadata/circor5.csv', 'task_data': 'work/16k/circor5', 'unit_samples': 80000, 'id': 'circor5_ar_byola.AR_BYOLA_ab39d538', 'training_mask': 0.0, 'optim': 'sgd', 'unit_sec': None, 'data_path': 'work', 'eval_checkpoint': PosixPath('logs/circor5_ar_byola.AR_BYOLA_ab39d538/weights_ep12it70-0.65194_loss1.3413.pth'), 'runtime_cfg': {'lr': 0.001, 'seed': 47, 'hidden': [], 'mixup': 0.0, 'bs': 256, 'freq_mask': 20, 'time_mask': 50, 'rrc': False, 'epochs': 50, 'early_stop_epochs': -1, 'n_class': 3, 'id': '69beb0e9'}}"
BYOLA,circor1,0.62,0.623987679362933,0.6444444444444445,0.6470588235294118,0.5804597701149425,external/byol_a/pretrained_weights/AudioNTT2020-BYOLA-64x96d2048.pth,circor1_ar_byola.AR_BYOLA_ca67c1d1,"Finetuning circor1_ar_byola.AR_BYOLA_ca67c1d1- on circor1 -> weighted_accuracy: 0.62000. UAR: 0.62399, recall per class: [0.64444444 0.64705882 0.58045977], best weight: logs/circor1_ar_byola.AR_BYOLA_ca67c1d1/weights_ep17it69-0.68638_loss0.7562.pth, config: {'audio_repr': 'ar_byola.AR_BYOLA', 'weight_file': 'external/byol_a/pretrained_weights/AudioNTT2020-BYOLA-64x96d2048.pth', 'feature_d': 2048, 'sample_rate': 16000, 'n_fft': 1024, 'window_size': 1024, 'hop_size': 160, 'n_mels': 64, 'f_min': 60, 'f_max': 7800, 'temporal_pooling_type': 'mean_max', 'batch_size': 256, 'lr_lineareval': 0.0003, 'report_per_epochs': 20, 'early_stop_epochs': 20, 'warmup_epochs': 5, 'mixup': 0.0, 'ft_bs': 256, 'ft_lr': 0.001, 'ft_early_stop_epochs': -1, 'ft_epochs': 50, 'ft_freq_mask': 20, 'ft_time_mask': 50, 'ft_rrc': False, 'name': '', 'task_metadata': 'evar/metadata/circor1.csv', 'task_data': 'work/16k/circor1', 'unit_samples': 80000, 'id': 'circor1_ar_byola.AR_BYOLA_ca67c1d1', 'training_mask': 0.0, 'optim': 'sgd', 'unit_sec': None, 'data_path': 'work', 'eval_checkpoint': PosixPath('logs/circor1_ar_byola.AR_BYOLA_ca67c1d1/weights_ep17it69-0.68638_loss0.7562.pth'), 'runtime_cfg': {'lr': 0.001, 'seed': 47, 'hidden': [], 'mixup': 0.0, 'bs': 256, 'freq_mask': 20, 'time_mask': 50, 'rrc': False, 'epochs': 50, 'early_stop_epochs': -1, 'n_class': 3, 'id': '69beb0e9'}}"
BYOLA,circor4,0.4622222222222222,0.5243783337089626,0.5555555555555556,0.7647058823529411,0.25287356321839083,external/byol_a/pretrained_weights/AudioNTT2020-BYOLA-64x96d2048.pth,circor4_ar_byola.AR_BYOLA_4123a57e,"Finetuning circor4_ar_byola.AR_BYOLA_4123a57e- on circor4 -> weighted_accuracy: 0.46222. UAR: 0.52438, recall per class: [0.55555556 0.76470588 0.25287356], best weight: logs/circor4_ar_byola.AR_BYOLA_4123a57e/weights_ep11it70-0.51829_loss1.1001.pth, config: {'audio_repr': 'ar_byola.AR_BYOLA', 'weight_file': 'external/byol_a/pretrained_weights/AudioNTT2020-BYOLA-64x96d2048.pth', 'feature_d': 2048, 'sample_rate': 16000, 'n_fft': 1024, 'window_size': 1024, 'hop_size': 160, 'n_mels': 64, 'f_min': 60, 'f_max': 7800, 'temporal_pooling_type': 'mean_max', 'batch_size': 256, 'lr_lineareval': 0.0003, 'report_per_epochs': 20, 'early_stop_epochs': 20, 'warmup_epochs': 5, 'mixup': 0.0, 'ft_bs': 256, 'ft_lr': 0.001, 'ft_early_stop_epochs': -1, 'ft_epochs': 50, 'ft_freq_mask': 20, 'ft_time_mask': 50, 'ft_rrc': False, 'name': '', 'task_metadata': 'evar/metadata/circor4.csv', 'task_data': 'work/16k/circor4', 'unit_samples': 80000, 'id': 'circor4_ar_byola.AR_BYOLA_4123a57e', 'training_mask': 0.0, 'optim': 'sgd', 'unit_sec': None, 'data_path': 'work', 'eval_checkpoint': PosixPath('logs/circor4_ar_byola.AR_BYOLA_4123a57e/weights_ep11it70-0.51829_loss1.1001.pth'), 'runtime_cfg': {'lr': 0.001, 'seed': 47, 'hidden': [], 'mixup': 0.0, 'bs': 256, 'freq_mask': 20, 'time_mask': 50, 'rrc': False, 'epochs': 50, 'early_stop_epochs': -1, 'n_class': 3, 'id': '69beb0e9'}}"
Cnn14,circor1,0.5755555555555556,0.5691383066636616,0.9555555555555556,0.7058823529411765,0.0459770114942528,external/Cnn14_16k_mAP=0.438.pth,circor1_ar_cnn14.AR_Cnn14_fbe800f3,"Finetuning circor1_ar_cnn14.AR_Cnn14_fbe800f3- on circor1 -> weighted_accuracy: 0.57556. UAR: 0.56914, recall per class: [0.95555556 0.70588235 0.04597701], best weight: logs/circor1_ar_cnn14.AR_Cnn14_fbe800f3/weights_ep34it69-0.69233_loss1.3810.pth, config: {'audio_repr': 'ar_cnn14.AR_Cnn14', 'weight_file': 'external/Cnn14_16k_mAP=0.438.pth', 'feature_d': 2048, 'sample_rate': 16000, 'n_fft': 512, 'window_size': 512, 'hop_size': 160, 'n_mels': 64, 'f_min': 50, 'f_max': 8000, 'batch_size': 256, 'lr_lineareval': 0.0003, 'report_per_epochs': 20, 'early_stop_epochs': 20, 'warmup_epochs': 5, 'mixup': 0.0, 'ft_bs': 256, 'ft_lr': 0.001, 'ft_early_stop_epochs': -1, 'ft_epochs': 50, 'ft_freq_mask': 20, 'ft_time_mask': 200, 'ft_rrc': False, 'name': '', 'task_metadata': 'evar/metadata/circor1.csv', 'task_data': 'work/16k/circor1', 'unit_samples': 80000, 'id': 'circor1_ar_cnn14.AR_Cnn14_fbe800f3', 'training_mask': 0.0, 'optim': 'sgd', 'unit_sec': None, 'data_path': 'work', 'eval_checkpoint': PosixPath('logs/circor1_ar_cnn14.AR_Cnn14_fbe800f3/weights_ep34it69-0.69233_loss1.3810.pth'), 'runtime_cfg': {'lr': 0.001, 'seed': 43, 'hidden': [], 'mixup': 0.0, 'bs': 256, 'freq_mask': 20, 'time_mask': 200, 'rrc': False, 'epochs': 50, 'early_stop_epochs': -1, 'n_class': 3, 'id': '1cf47956'}}"
Cnn14,circor5,0.5311111111111111,0.4511682067463,0.7777777777777778,0.2941176470588235,0.2816091954022988,external/Cnn14_16k_mAP=0.438.pth,circor5_ar_cnn14.AR_Cnn14_1c1128cc,"Finetuning circor5_ar_cnn14.AR_Cnn14_1c1128cc- on circor5 -> weighted_accuracy: 0.53111. UAR: 0.45117, recall per class: [0.77777778 0.29411765 0.2816092 ], best weight: logs/circor5_ar_cnn14.AR_Cnn14_1c1128cc/weights_ep23it70-0.55271_loss0.9629.pth, config: {'audio_repr': 'ar_cnn14.AR_Cnn14', 'weight_file': 'external/Cnn14_16k_mAP=0.438.pth', 'feature_d': 2048, 'sample_rate': 16000, 'n_fft': 512, 'window_size': 512, 'hop_size': 160, 'n_mels': 64, 'f_min': 50, 'f_max': 8000, 'batch_size': 256, 'lr_lineareval': 0.0003, 'report_per_epochs': 20, 'early_stop_epochs': 20, 'warmup_epochs': 5, 'mixup': 0.0, 'ft_bs': 256, 'ft_lr': 0.001, 'ft_early_stop_epochs': -1, 'ft_epochs': 50, 'ft_freq_mask': 20, 'ft_time_mask': 200, 'ft_rrc': False, 'name': '', 'task_metadata': 'evar/metadata/circor5.csv', 'task_data': 'work/16k/circor5', 'unit_samples': 80000, 'id': 'circor5_ar_cnn14.AR_Cnn14_1c1128cc', 'training_mask': 0.0, 'optim': 'sgd', 'unit_sec': None, 'data_path': 'work', 'eval_checkpoint': PosixPath('logs/circor5_ar_cnn14.AR_Cnn14_1c1128cc/weights_ep23it70-0.55271_loss0.9629.pth'), 'runtime_cfg': {'lr': 0.001, 'seed': 43, 'hidden': [], 'mixup': 0.0, 'bs': 256, 'freq_mask': 20, 'time_mask': 200, 'rrc': False, 'epochs': 50, 'early_stop_epochs': -1, 'n_class': 3, 'id': '1cf47956'}}"
Cnn14,circor4,0.6444444444444445,0.5787619262264293,0.7555555555555555,0.4117647058823529,0.5689655172413793,external/Cnn14_16k_mAP=0.438.pth,circor4_ar_cnn14.AR_Cnn14_357bb785,"Finetuning circor4_ar_cnn14.AR_Cnn14_357bb785- on circor4 -> weighted_accuracy: 0.64444. UAR: 0.57876, recall per class: [0.75555556 0.41176471 0.56896552], best weight: logs/circor4_ar_cnn14.AR_Cnn14_357bb785/weights_ep39it70-0.62374_loss0.9741.pth, config: {'audio_repr': 'ar_cnn14.AR_Cnn14', 'weight_file': 'external/Cnn14_16k_mAP=0.438.pth', 'feature_d': 2048, 'sample_rate': 16000, 'n_fft': 512, 'window_size': 512, 'hop_size': 160, 'n_mels': 64, 'f_min': 50, 'f_max': 8000, 'batch_size': 256, 'lr_lineareval': 0.0003, 'report_per_epochs': 20, 'early_stop_epochs': 20, 'warmup_epochs': 5, 'mixup': 0.0, 'ft_bs': 256, 'ft_lr': 0.001, 'ft_early_stop_epochs': -1, 'ft_epochs': 50, 'ft_freq_mask': 20, 'ft_time_mask': 200, 'ft_rrc': False, 'name': '', 'task_metadata': 'evar/metadata/circor4.csv', 'task_data': 'work/16k/circor4', 'unit_samples': 80000, 'id': 'circor4_ar_cnn14.AR_Cnn14_357bb785', 'training_mask': 0.0, 'optim': 'sgd', 'unit_sec': None, 'data_path': 'work', 'eval_checkpoint': PosixPath('logs/circor4_ar_cnn14.AR_Cnn14_357bb785/weights_ep39it70-0.62374_loss0.9741.pth'), 'runtime_cfg': {'lr': 0.001, 'seed': 43, 'hidden': [], 'mixup': 0.0, 'bs': 256, 'freq_mask': 20, 'time_mask': 200, 'rrc': False, 'epochs': 50, 'early_stop_epochs': -1, 'n_class': 3, 'id': '1cf47956'}}"
Cnn14,circor1,0.6355555555555555,0.6469160844414393,0.6888888888888889,0.7058823529411765,0.5459770114942529,external/Cnn14_16k_mAP=0.438.pth,circor1_ar_cnn14.AR_Cnn14_fbe800f3,"Finetuning circor1_ar_cnn14.AR_Cnn14_fbe800f3- on circor1 -> weighted_accuracy: 0.63556. UAR: 0.64692, recall per class: [0.68888889 0.70588235 0.54597701], best weight: logs/circor1_ar_cnn14.AR_Cnn14_fbe800f3/weights_ep44it69-0.68043_loss1.0397.pth, config: {'audio_repr': 'ar_cnn14.AR_Cnn14', 'weight_file': 'external/Cnn14_16k_mAP=0.438.pth', 'feature_d': 2048, 'sample_rate': 16000, 'n_fft': 512, 'window_size': 512, 'hop_size': 160, 'n_mels': 64, 'f_min': 50, 'f_max': 8000, 'batch_size': 256, 'lr_lineareval': 0.0003, 'report_per_epochs': 20, 'early_stop_epochs': 20, 'warmup_epochs': 5, 'mixup': 0.0, 'ft_bs': 256, 'ft_lr': 0.001, 'ft_early_stop_epochs': -1, 'ft_epochs': 50, 'ft_freq_mask': 20, 'ft_time_mask': 200, 'ft_rrc': False, 'name': '', 'task_metadata': 'evar/metadata/circor1.csv', 'task_data': 'work/16k/circor1', 'unit_samples': 80000, 'id': 'circor1_ar_cnn14.AR_Cnn14_fbe800f3', 'training_mask': 0.0, 'optim': 'sgd', 'unit_sec': None, 'data_path': 'work', 'eval_checkpoint': PosixPath('logs/circor1_ar_cnn14.AR_Cnn14_fbe800f3/weights_ep44it69-0.68043_loss1.0397.pth'), 'runtime_cfg': {'lr': 0.001, 'seed': 44, 'hidden': [], 'mixup': 0.0, 'bs': 256, 'freq_mask': 20, 'time_mask': 200, 'rrc': False, 'epochs': 50, 'early_stop_epochs': -1, 'n_class': 3, 'id': 'ed8f205a'}}"
Cnn14,circor4,0.5511111111111111,0.500473292765382,0.7333333333333333,0.4117647058823529,0.3563218390804598,external/Cnn14_16k_mAP=0.438.pth,circor4_ar_cnn14.AR_Cnn14_357bb785,"Finetuning circor4_ar_cnn14.AR_Cnn14_357bb785- on circor4 -> weighted_accuracy: 0.55111. UAR: 0.50047, recall per class: [0.73333333 0.41176471 0.35632184], best weight: logs/circor4_ar_cnn14.AR_Cnn14_357bb785/weights_ep11it70-0.66732_loss0.8107.pth, config: {'audio_repr': 'ar_cnn14.AR_Cnn14', 'weight_file': 'external/Cnn14_16k_mAP=0.438.pth', 'feature_d': 2048, 'sample_rate': 16000, 'n_fft': 512, 'window_size': 512, 'hop_size': 160, 'n_mels': 64, 'f_min': 50, 'f_max': 8000, 'batch_size': 256, 'lr_lineareval': 0.0003, 'report_per_epochs': 20, 'early_stop_epochs': 20, 'warmup_epochs': 5, 'mixup': 0.0, 'ft_bs': 256, 'ft_lr': 0.001, 'ft_early_stop_epochs': -1, 'ft_epochs': 50, 'ft_freq_mask': 20, 'ft_time_mask': 200, 'ft_rrc': False, 'name': '', 'task_metadata': 'evar/metadata/circor4.csv', 'task_data': 'work/16k/circor4', 'unit_samples': 80000, 'id': 'circor4_ar_cnn14.AR_Cnn14_357bb785', 'training_mask': 0.0, 'optim': 'sgd', 'unit_sec': None, 'data_path': 'work', 'eval_checkpoint': PosixPath('logs/circor4_ar_cnn14.AR_Cnn14_357bb785/weights_ep11it70-0.66732_loss0.8107.pth'), 'runtime_cfg': {'lr': 0.001, 'seed': 44, 'hidden': [], 'mixup': 0.0, 'bs': 256, 'freq_mask': 20, 'time_mask': 200, 'rrc': False, 'epochs': 50, 'early_stop_epochs': -1, 'n_class': 3, 'id': 'ed8f205a'}}"
Cnn14,circor5,0.5688888888888889,0.5041093832168883,0.7111111111111111,0.3529411764705882,0.4482758620689655,external/Cnn14_16k_mAP=0.438.pth,circor5_ar_cnn14.AR_Cnn14_1c1128cc,"Finetuning circor5_ar_cnn14.AR_Cnn14_1c1128cc- on circor5 -> weighted_accuracy: 0.56889. UAR: 0.50411, recall per class: [0.71111111 0.35294118 0.44827586], best weight: logs/circor5_ar_cnn14.AR_Cnn14_1c1128cc/weights_ep32it70-0.52791_loss1.4482.pth, config: {'audio_repr': 'ar_cnn14.AR_Cnn14', 'weight_file': 'external/Cnn14_16k_mAP=0.438.pth', 'feature_d': 2048, 'sample_rate': 16000, 'n_fft': 512, 'window_size': 512, 'hop_size': 160, 'n_mels': 64, 'f_min': 50, 'f_max': 8000, 'batch_size': 256, 'lr_lineareval': 0.0003, 'report_per_epochs': 20, 'early_stop_epochs': 20, 'warmup_epochs': 5, 'mixup': 0.0, 'ft_bs': 256, 'ft_lr': 0.001, 'ft_early_stop_epochs': -1, 'ft_epochs': 50, 'ft_freq_mask': 20, 'ft_time_mask': 200, 'ft_rrc': False, 'name': '', 'task_metadata': 'evar/metadata/circor5.csv', 'task_data': 'work/16k/circor5', 'unit_samples': 80000, 'id': 'circor5_ar_cnn14.AR_Cnn14_1c1128cc', 'training_mask': 0.0, 'optim': 'sgd', 'unit_sec': None, 'data_path': 'work', 'eval_checkpoint': PosixPath('logs/circor5_ar_cnn14.AR_Cnn14_1c1128cc/weights_ep32it70-0.52791_loss1.4482.pth'), 'runtime_cfg': {'lr': 0.001, 'seed': 44, 'hidden': [], 'mixup': 0.0, 'bs': 256, 'freq_mask': 20, 'time_mask': 200, 'rrc': False, 'epochs': 50, 'early_stop_epochs': -1, 'n_class': 3, 'id': 'ed8f205a'}}"
Cnn14,circor1,0.6288888888888889,0.6104424911727143,0.5777777777777777,0.5294117647058824,0.7241379310344828,external/Cnn14_16k_mAP=0.438.pth,circor1_ar_cnn14.AR_Cnn14_fbe800f3,"Finetuning circor1_ar_cnn14.AR_Cnn14_fbe800f3- on circor1 -> weighted_accuracy: 0.62889. UAR: 0.61044, recall per class: [0.57777778 0.52941176 0.72413793], best weight: logs/circor1_ar_cnn14.AR_Cnn14_fbe800f3/weights_ep38it69-0.61393_loss1.0983.pth, config: {'audio_repr': 'ar_cnn14.AR_Cnn14', 'weight_file': 'external/Cnn14_16k_mAP=0.438.pth', 'feature_d': 2048, 'sample_rate': 16000, 'n_fft': 512, 'window_size': 512, 'hop_size': 160, 'n_mels': 64, 'f_min': 50, 'f_max': 8000, 'batch_size': 256, 'lr_lineareval': 0.0003, 'report_per_epochs': 20, 'early_stop_epochs': 20, 'warmup_epochs': 5, 'mixup': 0.0, 'ft_bs': 256, 'ft_lr': 0.001, 'ft_early_stop_epochs': -1, 'ft_epochs': 50, 'ft_freq_mask': 20, 'ft_time_mask': 200, 'ft_rrc': False, 'name': '', 'task_metadata': 'evar/metadata/circor1.csv', 'task_data': 'work/16k/circor1', 'unit_samples': 80000, 'id': 'circor1_ar_cnn14.AR_Cnn14_fbe800f3', 'training_mask': 0.0, 'optim': 'sgd', 'unit_sec': None, 'data_path': 'work', 'eval_checkpoint': PosixPath('logs/circor1_ar_cnn14.AR_Cnn14_fbe800f3/weights_ep38it69-0.61393_loss1.0983.pth'), 'runtime_cfg': {'lr': 0.001, 'seed': 45, 'hidden': [], 'mixup': 0.0, 'bs': 256, 'freq_mask': 20, 'time_mask': 200, 'rrc': False, 'epochs': 50, 'early_stop_epochs': -1, 'n_class': 3, 'id': 'ff75846b'}}"
Cnn14,circor5,0.5333333333333333,0.5150401923221396,0.7111111111111111,0.5294117647058824,0.3045977011494253,external/Cnn14_16k_mAP=0.438.pth,circor5_ar_cnn14.AR_Cnn14_1c1128cc,"Finetuning circor5_ar_cnn14.AR_Cnn14_1c1128cc- on circor5 -> weighted_accuracy: 0.53333. UAR: 0.51504, recall per class: [0.71111111 0.52941176 0.3045977 ], best weight: logs/circor5_ar_cnn14.AR_Cnn14_1c1128cc/weights_ep36it70-0.56473_loss0.7551.pth, config: {'audio_repr': 'ar_cnn14.AR_Cnn14', 'weight_file': 'external/Cnn14_16k_mAP=0.438.pth', 'feature_d': 2048, 'sample_rate': 16000, 'n_fft': 512, 'window_size': 512, 'hop_size': 160, 'n_mels': 64, 'f_min': 50, 'f_max': 8000, 'batch_size': 256, 'lr_lineareval': 0.0003, 'report_per_epochs': 20, 'early_stop_epochs': 20, 'warmup_epochs': 5, 'mixup': 0.0, 'ft_bs': 256, 'ft_lr': 0.001, 'ft_early_stop_epochs': -1, 'ft_epochs': 50, 'ft_freq_mask': 20, 'ft_time_mask': 200, 'ft_rrc': False, 'name': '', 'task_metadata': 'evar/metadata/circor5.csv', 'task_data': 'work/16k/circor5', 'unit_samples': 80000, 'id': 'circor5_ar_cnn14.AR_Cnn14_1c1128cc', 'training_mask': 0.0, 'optim': 'sgd', 'unit_sec': None, 'data_path': 'work', 'eval_checkpoint': PosixPath('logs/circor5_ar_cnn14.AR_Cnn14_1c1128cc/weights_ep36it70-0.56473_loss0.7551.pth'), 'runtime_cfg': {'lr': 0.001, 'seed': 45, 'hidden': [], 'mixup': 0.0, 'bs': 256, 'freq_mask': 20, 'time_mask': 200, 'rrc': False, 'epochs': 50, 'early_stop_epochs': -1, 'n_class': 3, 'id': 'ff75846b'}}"
Cnn14,circor4,0.5822222222222222,0.5186086695214485,0.8222222222222222,0.4117647058823529,0.3218390804597701,external/Cnn14_16k_mAP=0.438.pth,circor4_ar_cnn14.AR_Cnn14_357bb785,"Finetuning circor4_ar_cnn14.AR_Cnn14_357bb785- on circor4 -> weighted_accuracy: 0.58222. UAR: 0.51861, recall per class: [0.82222222 0.41176471 0.32183908], best weight: logs/circor4_ar_cnn14.AR_Cnn14_357bb785/weights_ep36it70-0.47704_loss0.8802.pth, config: {'audio_repr': 'ar_cnn14.AR_Cnn14', 'weight_file': 'external/Cnn14_16k_mAP=0.438.pth', 'feature_d': 2048, 'sample_rate': 16000, 'n_fft': 512, 'window_size': 512, 'hop_size': 160, 'n_mels': 64, 'f_min': 50, 'f_max': 8000, 'batch_size': 256, 'lr_lineareval': 0.0003, 'report_per_epochs': 20, 'early_stop_epochs': 20, 'warmup_epochs': 5, 'mixup': 0.0, 'ft_bs': 256, 'ft_lr': 0.001, 'ft_early_stop_epochs': -1, 'ft_epochs': 50, 'ft_freq_mask': 20, 'ft_time_mask': 200, 'ft_rrc': False, 'name': '', 'task_metadata': 'evar/metadata/circor4.csv', 'task_data': 'work/16k/circor4', 'unit_samples': 80000, 'id': 'circor4_ar_cnn14.AR_Cnn14_357bb785', 'training_mask': 0.0, 'optim': 'sgd', 'unit_sec': None, 'data_path': 'work', 'eval_checkpoint': PosixPath('logs/circor4_ar_cnn14.AR_Cnn14_357bb785/weights_ep36it70-0.47704_loss0.8802.pth'), 'runtime_cfg': {'lr': 0.001, 'seed': 45, 'hidden': [], 'mixup': 0.0, 'bs': 256, 'freq_mask': 20, 'time_mask': 200, 'rrc': False, 'epochs': 50, 'early_stop_epochs': -1, 'n_class': 3, 'id': 'ff75846b'}}"
Cnn14,circor1,0.5511111111111111,0.5792953196604312,0.7777777777777778,0.7647058823529411,0.1954022988505747,external/Cnn14_16k_mAP=0.438.pth,circor1_ar_cnn14.AR_Cnn14_fbe800f3,"Finetuning circor1_ar_cnn14.AR_Cnn14_fbe800f3- on circor1 -> weighted_accuracy: 0.55111. UAR: 0.57930, recall per class: [0.77777778 0.76470588 0.1954023 ], best weight: logs/circor1_ar_cnn14.AR_Cnn14_fbe800f3/weights_ep43it69-0.69023_loss0.7623.pth, config: {'audio_repr': 'ar_cnn14.AR_Cnn14', 'weight_file': 'external/Cnn14_16k_mAP=0.438.pth', 'feature_d': 2048, 'sample_rate': 16000, 'n_fft': 512, 'window_size': 512, 'hop_size': 160, 'n_mels': 64, 'f_min': 50, 'f_max': 8000, 'batch_size': 256, 'lr_lineareval': 0.0003, 'report_per_epochs': 20, 'early_stop_epochs': 20, 'warmup_epochs': 5, 'mixup': 0.0, 'ft_bs': 256, 'ft_lr': 0.001, 'ft_early_stop_epochs': -1, 'ft_epochs': 50, 'ft_freq_mask': 20, 'ft_time_mask': 200, 'ft_rrc': False, 'name': '', 'task_metadata': 'evar/metadata/circor1.csv', 'task_data': 'work/16k/circor1', 'unit_samples': 80000, 'id': 'circor1_ar_cnn14.AR_Cnn14_fbe800f3', 'training_mask': 0.0, 'optim': 'sgd', 'unit_sec': None, 'data_path': 'work', 'eval_checkpoint': PosixPath('logs/circor1_ar_cnn14.AR_Cnn14_fbe800f3/weights_ep43it69-0.69023_loss0.7623.pth'), 'runtime_cfg': {'lr': 0.001, 'seed': 46, 'hidden': [], 'mixup': 0.0, 'bs': 256, 'freq_mask': 20, 'time_mask': 200, 'rrc': False, 'epochs': 50, 'early_stop_epochs': -1, 'n_class': 3, 'id': '41bcd6fe'}}"
Cnn14,circor5,0.5733333333333334,0.5196303808879873,0.7333333333333333,0.4117647058823529,0.4137931034482758,external/Cnn14_16k_mAP=0.438.pth,circor5_ar_cnn14.AR_Cnn14_1c1128cc,"Finetuning circor5_ar_cnn14.AR_Cnn14_1c1128cc- on circor5 -> weighted_accuracy: 0.57333. UAR: 0.51963, recall per class: [0.73333333 0.41176471 0.4137931 ], best weight: logs/circor5_ar_cnn14.AR_Cnn14_1c1128cc/weights_ep32it70-0.69961_loss1.0196.pth, config: {'audio_repr': 'ar_cnn14.AR_Cnn14', 'weight_file': 'external/Cnn14_16k_mAP=0.438.pth', 'feature_d': 2048, 'sample_rate': 16000, 'n_fft': 512, 'window_size': 512, 'hop_size': 160, 'n_mels': 64, 'f_min': 50, 'f_max': 8000, 'batch_size': 256, 'lr_lineareval': 0.0003, 'report_per_epochs': 20, 'early_stop_epochs': 20, 'warmup_epochs': 5, 'mixup': 0.0, 'ft_bs': 256, 'ft_lr': 0.001, 'ft_early_stop_epochs': -1, 'ft_epochs': 50, 'ft_freq_mask': 20, 'ft_time_mask': 200, 'ft_rrc': False, 'name': '', 'task_metadata': 'evar/metadata/circor5.csv', 'task_data': 'work/16k/circor5', 'unit_samples': 80000, 'id': 'circor5_ar_cnn14.AR_Cnn14_1c1128cc', 'training_mask': 0.0, 'optim': 'sgd', 'unit_sec': None, 'data_path': 'work', 'eval_checkpoint': PosixPath('logs/circor5_ar_cnn14.AR_Cnn14_1c1128cc/weights_ep32it70-0.69961_loss1.0196.pth'), 'runtime_cfg': {'lr': 0.001, 'seed': 46, 'hidden': [], 'mixup': 0.0, 'bs': 256, 'freq_mask': 20, 'time_mask': 200, 'rrc': False, 'epochs': 50, 'early_stop_epochs': -1, 'n_class': 3, 'id': '41bcd6fe'}}"
Cnn14,circor4,0.5644444444444444,0.4625347456990459,0.9555555555555556,0.2941176470588235,0.1379310344827586,external/Cnn14_16k_mAP=0.438.pth,circor4_ar_cnn14.AR_Cnn14_357bb785,"Finetuning circor4_ar_cnn14.AR_Cnn14_357bb785- on circor4 -> weighted_accuracy: 0.56444. UAR: 0.46253, recall per class: [0.95555556 0.29411765 0.13793103], best weight: logs/circor4_ar_cnn14.AR_Cnn14_357bb785/weights_ep31it70-0.53424_loss0.7648.pth, config: {'audio_repr': 'ar_cnn14.AR_Cnn14', 'weight_file': 'external/Cnn14_16k_mAP=0.438.pth', 'feature_d': 2048, 'sample_rate': 16000, 'n_fft': 512, 'window_size': 512, 'hop_size': 160, 'n_mels': 64, 'f_min': 50, 'f_max': 8000, 'batch_size': 256, 'lr_lineareval': 0.0003, 'report_per_epochs': 20, 'early_stop_epochs': 20, 'warmup_epochs': 5, 'mixup': 0.0, 'ft_bs': 256, 'ft_lr': 0.001, 'ft_early_stop_epochs': -1, 'ft_epochs': 50, 'ft_freq_mask': 20, 'ft_time_mask': 200, 'ft_rrc': False, 'name': '', 'task_metadata': 'evar/metadata/circor4.csv', 'task_data': 'work/16k/circor4', 'unit_samples': 80000, 'id': 'circor4_ar_cnn14.AR_Cnn14_357bb785', 'training_mask': 0.0, 'optim': 'sgd', 'unit_sec': None, 'data_path': 'work', 'eval_checkpoint': PosixPath('logs/circor4_ar_cnn14.AR_Cnn14_357bb785/weights_ep31it70-0.53424_loss0.7648.pth'), 'runtime_cfg': {'lr': 0.001, 'seed': 46, 'hidden': [], 'mixup': 0.0, 'bs': 256, 'freq_mask': 20, 'time_mask': 200, 'rrc': False, 'epochs': 50, 'early_stop_epochs': -1, 'n_class': 3, 'id': '41bcd6fe'}}"
Cnn14,circor1,0.6466666666666666,0.7024190519119525,0.6444444444444445,0.8823529411764706,0.5804597701149425,external/Cnn14_16k_mAP=0.438.pth,circor1_ar_cnn14.AR_Cnn14_fbe800f3,"Finetuning circor1_ar_cnn14.AR_Cnn14_fbe800f3- on circor1 -> weighted_accuracy: 0.64667. UAR: 0.70242, recall per class: [0.64444444 0.88235294 0.58045977], best weight: logs/circor1_ar_cnn14.AR_Cnn14_fbe800f3/weights_ep48it69-0.69023_loss1.1263.pth, config: {'audio_repr': 'ar_cnn14.AR_Cnn14', 'weight_file': 'external/Cnn14_16k_mAP=0.438.pth', 'feature_d': 2048, 'sample_rate': 16000, 'n_fft': 512, 'window_size': 512, 'hop_size': 160, 'n_mels': 64, 'f_min': 50, 'f_max': 8000, 'batch_size': 256, 'lr_lineareval': 0.0003, 'report_per_epochs': 20, 'early_stop_epochs': 20, 'warmup_epochs': 5, 'mixup': 0.0, 'ft_bs': 256, 'ft_lr': 0.001, 'ft_early_stop_epochs': -1, 'ft_epochs': 50, 'ft_freq_mask': 20, 'ft_time_mask': 200, 'ft_rrc': False, 'name': '', 'task_metadata': 'evar/metadata/circor1.csv', 'task_data': 'work/16k/circor1', 'unit_samples': 80000, 'id': 'circor1_ar_cnn14.AR_Cnn14_fbe800f3', 'training_mask': 0.0, 'optim': 'sgd', 'unit_sec': None, 'data_path': 'work', 'eval_checkpoint': PosixPath('logs/circor1_ar_cnn14.AR_Cnn14_fbe800f3/weights_ep48it69-0.69023_loss1.1263.pth'), 'runtime_cfg': {'lr': 0.001, 'seed': 47, 'hidden': [], 'mixup': 0.0, 'bs': 256, 'freq_mask': 20, 'time_mask': 200, 'rrc': False, 'epochs': 50, 'early_stop_epochs': -1, 'n_class': 3, 'id': '3bc5efe4'}}"
Cnn14,circor4,0.5933333333333334,0.555074750206596,0.6888888888888889,0.4705882352941176,0.5057471264367817,external/Cnn14_16k_mAP=0.438.pth,circor4_ar_cnn14.AR_Cnn14_357bb785,"Finetuning circor4_ar_cnn14.AR_Cnn14_357bb785- on circor4 -> weighted_accuracy: 0.59333. UAR: 0.55507, recall per class: [0.68888889 0.47058824 0.50574713], best weight: logs/circor4_ar_cnn14.AR_Cnn14_357bb785/weights_ep42it70-0.55681_loss0.9845.pth, config: {'audio_repr': 'ar_cnn14.AR_Cnn14', 'weight_file': 'external/Cnn14_16k_mAP=0.438.pth', 'feature_d': 2048, 'sample_rate': 16000, 'n_fft': 512, 'window_size': 512, 'hop_size': 160, 'n_mels': 64, 'f_min': 50, 'f_max': 8000, 'batch_size': 256, 'lr_lineareval': 0.0003, 'report_per_epochs': 20, 'early_stop_epochs': 20, 'warmup_epochs': 5, 'mixup': 0.0, 'ft_bs': 256, 'ft_lr': 0.001, 'ft_early_stop_epochs': -1, 'ft_epochs': 50, 'ft_freq_mask': 20, 'ft_time_mask': 200, 'ft_rrc': False, 'name': '', 'task_metadata': 'evar/metadata/circor4.csv', 'task_data': 'work/16k/circor4', 'unit_samples': 80000, 'id': 'circor4_ar_cnn14.AR_Cnn14_357bb785', 'training_mask': 0.0, 'optim': 'sgd', 'unit_sec': None, 'data_path': 'work', 'eval_checkpoint': PosixPath('logs/circor4_ar_cnn14.AR_Cnn14_357bb785/weights_ep42it70-0.55681_loss0.9845.pth'), 'runtime_cfg': {'lr': 0.001, 'seed': 47, 'hidden': [], 'mixup': 0.0, 'bs': 256, 'freq_mask': 20, 'time_mask': 200, 'rrc': False, 'epochs': 50, 'early_stop_epochs': -1, 'n_class': 3, 'id': '3bc5efe4'}}"
Cnn14,circor5,0.5511111111111111,0.5026444294192772,0.7111111111111111,0.4117647058823529,0.3850574712643678,external/Cnn14_16k_mAP=0.438.pth,circor5_ar_cnn14.AR_Cnn14_1c1128cc,"Finetuning circor5_ar_cnn14.AR_Cnn14_1c1128cc- on circor5 -> weighted_accuracy: 0.55111. UAR: 0.50264, recall per class: [0.71111111 0.41176471 0.38505747], best weight: logs/circor5_ar_cnn14.AR_Cnn14_1c1128cc/weights_ep31it70-0.58488_loss1.2298.pth, config: {'audio_repr': 'ar_cnn14.AR_Cnn14', 'weight_file': 'external/Cnn14_16k_mAP=0.438.pth', 'feature_d': 2048, 'sample_rate': 16000, 'n_fft': 512, 'window_size': 512, 'hop_size': 160, 'n_mels': 64, 'f_min': 50, 'f_max': 8000, 'batch_size': 256, 'lr_lineareval': 0.0003, 'report_per_epochs': 20, 'early_stop_epochs': 20, 'warmup_epochs': 5, 'mixup': 0.0, 'ft_bs': 256, 'ft_lr': 0.001, 'ft_early_stop_epochs': -1, 'ft_epochs': 50, 'ft_freq_mask': 20, 'ft_time_mask': 200, 'ft_rrc': False, 'name': '', 'task_metadata': 'evar/metadata/circor5.csv', 'task_data': 'work/16k/circor5', 'unit_samples': 80000, 'id': 'circor5_ar_cnn14.AR_Cnn14_1c1128cc', 'training_mask': 0.0, 'optim': 'sgd', 'unit_sec': None, 'data_path': 'work', 'eval_checkpoint': PosixPath('logs/circor5_ar_cnn14.AR_Cnn14_1c1128cc/weights_ep31it70-0.58488_loss1.2298.pth'), 'runtime_cfg': {'lr': 0.001, 'seed': 47, 'hidden': [], 'mixup': 0.0, 'bs': 256, 'freq_mask': 20, 'time_mask': 200, 'rrc': False, 'epochs': 50, 'early_stop_epochs': -1, 'n_class': 3, 'id': '3bc5efe4'}}"
AST,circor1,0.7177777777777777,0.7498610172038164,0.6444444444444445,0.8235294117647058,0.7816091954022989,external/ast/pretrained_models/ast_audioset.pth,circor1_ar_ast.AR_AST_63cb7c1c,"Finetuning circor1_ar_ast.AR_AST_63cb7c1c- on circor1 -> weighted_accuracy: 0.71778. UAR: 0.74986, recall per class: [0.64444444 0.82352941 0.7816092 ], best weight: logs/circor1_ar_ast.AR_AST_63cb7c1c/weights_ep42it277-0.69338_loss0.6990.pth, config: {'audio_repr': 'ar_ast.AR_AST', 'weight_file': 'external/ast/pretrained_models/ast_audioset.pth', 'feature_d': 768, 'sample_rate': 16000, 'n_fft': 400, 'window_size': 400, 'hop_size': 160, 'n_mels': 128, 'window': 'hanning', 'batch_size': 128, 'lr_lineareval': 0.0003, 'report_per_epochs': 20, 'early_stop_epochs': 20, 'warmup_epochs': 5, 'mixup': 0.0, 'ft_bs': 64, 'ft_lr': 2.0, 'ft_early_stop_epochs': -1, 'ft_epochs': 50, 'ft_freq_mask': 40, 'ft_time_mask': 100, 'ft_rrc': False, 'name': '', 'task_metadata': 'evar/metadata/circor1.csv', 'task_data': 'work/16k/circor1', 'unit_samples': 80000, 'id': 'circor1_ar_ast.AR_AST_63cb7c1c', 'training_mask': 0.0, 'optim': 'sgd', 'unit_sec': None, 'data_path': 'work', 'eval_checkpoint': PosixPath('logs/circor1_ar_ast.AR_AST_63cb7c1c/weights_ep42it277-0.69338_loss0.6990.pth'), 'runtime_cfg': {'lr': 3e-05, 'seed': 43, 'hidden': [], 'mixup': 0.0, 'bs': 64, 'freq_mask': 40, 'time_mask': 100, 'rrc': False, 'epochs': 50, 'early_stop_epochs': -1, 'n_class': 3, 'id': 'e3186087'}}"
AST,circor4,0.7111111111111111,0.6808203741266622,0.8666666666666667,0.6470588235294118,0.5287356321839081,external/ast/pretrained_models/ast_audioset.pth,circor4_ar_ast.AR_AST_2a444287,"Finetuning circor4_ar_ast.AR_AST_2a444287- on circor4 -> weighted_accuracy: 0.71111. UAR: 0.68082, recall per class: [0.86666667 0.64705882 0.52873563], best weight: logs/circor4_ar_ast.AR_AST_2a444287/weights_ep40it281-0.71868_loss0.8535.pth, config: {'audio_repr': 'ar_ast.AR_AST', 'weight_file': 'external/ast/pretrained_models/ast_audioset.pth', 'feature_d': 768, 'sample_rate': 16000, 'n_fft': 400, 'window_size': 400, 'hop_size': 160, 'n_mels': 128, 'window': 'hanning', 'batch_size': 128, 'lr_lineareval': 0.0003, 'report_per_epochs': 20, 'early_stop_epochs': 20, 'warmup_epochs': 5, 'mixup': 0.0, 'ft_bs': 64, 'ft_lr': 2.0, 'ft_early_stop_epochs': -1, 'ft_epochs': 50, 'ft_freq_mask': 40, 'ft_time_mask': 100, 'ft_rrc': False, 'name': '', 'task_metadata': 'evar/metadata/circor4.csv', 'task_data': 'work/16k/circor4', 'unit_samples': 80000, 'id': 'circor4_ar_ast.AR_AST_2a444287', 'training_mask': 0.0, 'optim': 'sgd', 'unit_sec': None, 'data_path': 'work', 'eval_checkpoint': PosixPath('logs/circor4_ar_ast.AR_AST_2a444287/weights_ep40it281-0.71868_loss0.8535.pth'), 'runtime_cfg': {'lr': 3e-05, 'seed': 43, 'hidden': [], 'mixup': 0.0, 'bs': 64, 'freq_mask': 40, 'time_mask': 100, 'rrc': False, 'epochs': 50, 'early_stop_epochs': -1, 'n_class': 3, 'id': 'e3186087'}}"
AST,circor1,0.7066666666666667,0.703876493125986,0.7333333333333333,0.7058823529411765,0.6724137931034483,external/ast/pretrained_models/ast_audioset.pth,circor1_ar_ast.AR_AST_63cb7c1c,"Finetuning circor1_ar_ast.AR_AST_63cb7c1c- on circor1 -> weighted_accuracy: 0.70667. UAR: 0.70388, recall per class: [0.73333333 0.70588235 0.67241379], best weight: logs/circor1_ar_ast.AR_AST_63cb7c1c/weights_ep10it277-0.65488_loss2.1677.pth, config: {'audio_repr': 'ar_ast.AR_AST', 'weight_file': 'external/ast/pretrained_models/ast_audioset.pth', 'feature_d': 768, 'sample_rate': 16000, 'n_fft': 400, 'window_size': 400, 'hop_size': 160, 'n_mels': 128, 'window': 'hanning', 'batch_size': 128, 'lr_lineareval': 0.0003, 'report_per_epochs': 20, 'early_stop_epochs': 20, 'warmup_epochs': 5, 'mixup': 0.0, 'ft_bs': 64, 'ft_lr': 2.0, 'ft_early_stop_epochs': -1, 'ft_epochs': 50, 'ft_freq_mask': 40, 'ft_time_mask': 100, 'ft_rrc': False, 'name': '', 'task_metadata': 'evar/metadata/circor1.csv', 'task_data': 'work/16k/circor1', 'unit_samples': 80000, 'id': 'circor1_ar_ast.AR_AST_63cb7c1c', 'training_mask': 0.0, 'optim': 'sgd', 'unit_sec': None, 'data_path': 'work', 'eval_checkpoint': PosixPath('logs/circor1_ar_ast.AR_AST_63cb7c1c/weights_ep10it277-0.65488_loss2.1677.pth'), 'runtime_cfg': {'lr': 3e-05, 'seed': 44, 'hidden': [], 'mixup': 0.0, 'bs': 64, 'freq_mask': 40, 'time_mask': 100, 'rrc': False, 'epochs': 50, 'early_stop_epochs': -1, 'n_class': 3, 'id': '12bd63e4'}}"
AST,circor4,0.6133333333333333,0.6212455863571483,0.7555555555555555,0.7058823529411765,0.4022988505747126,external/ast/pretrained_models/ast_audioset.pth,circor4_ar_ast.AR_AST_2a444287,"Finetuning circor4_ar_ast.AR_AST_2a444287- on circor4 -> weighted_accuracy: 0.61333. UAR: 0.62125, recall per class: [0.75555556 0.70588235 0.40229885], best weight: logs/circor4_ar_ast.AR_AST_2a444287/weights_ep5it281-0.57938_loss0.4794.pth, config: {'audio_repr': 'ar_ast.AR_AST', 'weight_file': 'external/ast/pretrained_models/ast_audioset.pth', 'feature_d': 768, 'sample_rate': 16000, 'n_fft': 400, 'window_size': 400, 'hop_size': 160, 'n_mels': 128, 'window': 'hanning', 'batch_size': 128, 'lr_lineareval': 0.0003, 'report_per_epochs': 20, 'early_stop_epochs': 20, 'warmup_epochs': 5, 'mixup': 0.0, 'ft_bs': 64, 'ft_lr': 2.0, 'ft_early_stop_epochs': -1, 'ft_epochs': 50, 'ft_freq_mask': 40, 'ft_time_mask': 100, 'ft_rrc': False, 'name': '', 'task_metadata': 'evar/metadata/circor4.csv', 'task_data': 'work/16k/circor4', 'unit_samples': 80000, 'id': 'circor4_ar_ast.AR_AST_2a444287', 'training_mask': 0.0, 'optim': 'sgd', 'unit_sec': None, 'data_path': 'work', 'eval_checkpoint': PosixPath('logs/circor4_ar_ast.AR_AST_2a444287/weights_ep5it281-0.57938_loss0.4794.pth'), 'runtime_cfg': {'lr': 3e-05, 'seed': 44, 'hidden': [], 'mixup': 0.0, 'bs': 64, 'freq_mask': 40, 'time_mask': 100, 'rrc': False, 'epochs': 50, 'early_stop_epochs': -1, 'n_class': 3, 'id': '12bd63e4'}}"
AST,circor1,0.6533333333333333,0.7059950416948388,0.6666666666666666,0.8823529411764706,0.5689655172413793,external/ast/pretrained_models/ast_audioset.pth,circor1_ar_ast.AR_AST_63cb7c1c,"Finetuning circor1_ar_ast.AR_AST_63cb7c1c- on circor1 -> weighted_accuracy: 0.65333. UAR: 0.70600, recall per class: [0.66666667 0.88235294 0.56896552], best weight: logs/circor1_ar_ast.AR_AST_63cb7c1c/weights_ep14it277-0.68183_loss0.6690.pth, config: {'audio_repr': 'ar_ast.AR_AST', 'weight_file': 'external/ast/pretrained_models/ast_audioset.pth', 'feature_d': 768, 'sample_rate': 16000, 'n_fft': 400, 'window_size': 400, 'hop_size': 160, 'n_mels': 128, 'window': 'hanning', 'batch_size': 128, 'lr_lineareval': 0.0003, 'report_per_epochs': 20, 'early_stop_epochs': 20, 'warmup_epochs': 5, 'mixup': 0.0, 'ft_bs': 64, 'ft_lr': 2.0, 'ft_early_stop_epochs': -1, 'ft_epochs': 50, 'ft_freq_mask': 40, 'ft_time_mask': 100, 'ft_rrc': False, 'name': '', 'task_metadata': 'evar/metadata/circor1.csv', 'task_data': 'work/16k/circor1', 'unit_samples': 80000, 'id': 'circor1_ar_ast.AR_AST_63cb7c1c', 'training_mask': 0.0, 'optim': 'sgd', 'unit_sec': None, 'data_path': 'work', 'eval_checkpoint': PosixPath('logs/circor1_ar_ast.AR_AST_63cb7c1c/weights_ep14it277-0.68183_loss0.6690.pth'), 'runtime_cfg': {'lr': 3e-05, 'seed': 45, 'hidden': [], 'mixup': 0.0, 'bs': 64, 'freq_mask': 40, 'time_mask': 100, 'rrc': False, 'epochs': 50, 'early_stop_epochs': -1, 'n_class': 3, 'id': '481fc220'}}"
AST,circor4,0.6822222222222222,0.7308992562542258,0.6666666666666666,0.8823529411764706,0.6436781609195402,external/ast/pretrained_models/ast_audioset.pth,circor4_ar_ast.AR_AST_2a444287,"Finetuning circor4_ar_ast.AR_AST_2a444287- on circor4 -> weighted_accuracy: 0.68222. UAR: 0.73090, recall per class: [0.66666667 0.88235294 0.64367816], best weight: logs/circor4_ar_ast.AR_AST_2a444287/weights_ep48it281-0.68132_loss0.6503.pth, config: {'audio_repr': 'ar_ast.AR_AST', 'weight_file': 'external/ast/pretrained_models/ast_audioset.pth', 'feature_d': 768, 'sample_rate': 16000, 'n_fft': 400, 'window_size': 400, 'hop_size': 160, 'n_mels': 128, 'window': 'hanning', 'batch_size': 128, 'lr_lineareval': 0.0003, 'report_per_epochs': 20, 'early_stop_epochs': 20, 'warmup_epochs': 5, 'mixup': 0.0, 'ft_bs': 64, 'ft_lr': 2.0, 'ft_early_stop_epochs': -1, 'ft_epochs': 50, 'ft_freq_mask': 40, 'ft_time_mask': 100, 'ft_rrc': False, 'name': '', 'task_metadata': 'evar/metadata/circor4.csv', 'task_data': 'work/16k/circor4', 'unit_samples': 80000, 'id': 'circor4_ar_ast.AR_AST_2a444287', 'training_mask': 0.0, 'optim': 'sgd', 'unit_sec': None, 'data_path': 'work', 'eval_checkpoint': PosixPath('logs/circor4_ar_ast.AR_AST_2a444287/weights_ep48it281-0.68132_loss0.6503.pth'), 'runtime_cfg': {'lr': 3e-05, 'seed': 45, 'hidden': [], 'mixup': 0.0, 'bs': 64, 'freq_mask': 40, 'time_mask': 100, 'rrc': False, 'epochs': 50, 'early_stop_epochs': -1, 'n_class': 3, 'id': '481fc220'}}"
AST,circor1,0.7711111111111111,0.6866200886484862,0.9111111111111112,0.4705882352941176,0.6781609195402298,external/ast/pretrained_models/ast_audioset.pth,circor1_ar_ast.AR_AST_63cb7c1c,"Finetuning circor1_ar_ast.AR_AST_63cb7c1c- on circor1 -> weighted_accuracy: 0.77111. UAR: 0.68662, recall per class: [0.91111111 0.47058824 0.67816092], best weight: logs/circor1_ar_ast.AR_AST_63cb7c1c/weights_ep46it277-0.69968_loss0.9690.pth, config: {'audio_repr': 'ar_ast.AR_AST', 'weight_file': 'external/ast/pretrained_models/ast_audioset.pth', 'feature_d': 768, 'sample_rate': 16000, 'n_fft': 400, 'window_size': 400, 'hop_size': 160, 'n_mels': 128, 'window': 'hanning', 'batch_size': 128, 'lr_lineareval': 0.0003, 'report_per_epochs': 20, 'early_stop_epochs': 20, 'warmup_epochs': 5, 'mixup': 0.0, 'ft_bs': 64, 'ft_lr': 2.0, 'ft_early_stop_epochs': -1, 'ft_epochs': 50, 'ft_freq_mask': 40, 'ft_time_mask': 100, 'ft_rrc': False, 'name': '', 'task_metadata': 'evar/metadata/circor1.csv', 'task_data': 'work/16k/circor1', 'unit_samples': 80000, 'id': 'circor1_ar_ast.AR_AST_63cb7c1c', 'training_mask': 0.0, 'optim': 'sgd', 'unit_sec': None, 'data_path': 'work', 'eval_checkpoint': PosixPath('logs/circor1_ar_ast.AR_AST_63cb7c1c/weights_ep46it277-0.69968_loss0.9690.pth'), 'runtime_cfg': {'lr': 3e-05, 'seed': 46, 'hidden': [], 'mixup': 0.0, 'bs': 64, 'freq_mask': 40, 'time_mask': 100, 'rrc': False, 'epochs': 50, 'early_stop_epochs': -1, 'n_class': 3, 'id': '1dc7073d'}}"
AST,circor5,0.7422222222222222,0.7076402974983097,0.8666666666666667,0.6470588235294118,0.6091954022988506,external/ast/pretrained_models/ast_audioset.pth,circor5_ar_ast.AR_AST_bfb1ea24,"Finetuning circor5_ar_ast.AR_AST_bfb1ea24- on circor5 -> weighted_accuracy: 0.74222. UAR: 0.70764, recall per class: [0.86666667 0.64705882 0.6091954 ], best weight: logs/circor5_ar_ast.AR_AST_bfb1ea24/weights_ep38it280-0.73915_loss0.8375.pth, config: {'audio_repr': 'ar_ast.AR_AST', 'weight_file': 'external/ast/pretrained_models/ast_audioset.pth', 'feature_d': 768, 'sample_rate': 16000, 'n_fft': 400, 'window_size': 400, 'hop_size': 160, 'n_mels': 128, 'window': 'hanning', 'batch_size': 128, 'lr_lineareval': 0.0003, 'report_per_epochs': 20, 'early_stop_epochs': 20, 'warmup_epochs': 5, 'mixup': 0.0, 'ft_bs': 64, 'ft_lr': 2.0, 'ft_early_stop_epochs': -1, 'ft_epochs': 50, 'ft_freq_mask': 40, 'ft_time_mask': 100, 'ft_rrc': False, 'name': '', 'task_metadata': 'evar/metadata/circor5.csv', 'task_data': 'work/16k/circor5', 'unit_samples': 80000, 'id': 'circor5_ar_ast.AR_AST_bfb1ea24', 'training_mask': 0.0, 'optim': 'sgd', 'unit_sec': None, 'data_path': 'work', 'eval_checkpoint': PosixPath('logs/circor5_ar_ast.AR_AST_bfb1ea24/weights_ep38it280-0.73915_loss0.8375.pth'), 'runtime_cfg': {'lr': 3e-05, 'seed': 43, 'hidden': [], 'mixup': 0.0, 'bs': 64, 'freq_mask': 40, 'time_mask': 100, 'rrc': False, 'epochs': 50, 'early_stop_epochs': -1, 'n_class': 3, 'id': 'e3186087'}}"
AST,circor4,0.6444444444444445,0.7048456164074826,0.6,0.8823529411764706,0.632183908045977,external/ast/pretrained_models/ast_audioset.pth,circor4_ar_ast.AR_AST_2a444287,"Finetuning circor4_ar_ast.AR_AST_2a444287- on circor4 -> weighted_accuracy: 0.64444. UAR: 0.70485, recall per class: [0.6        0.88235294 0.63218391], best weight: logs/circor4_ar_ast.AR_AST_2a444287/weights_ep17it281-0.66848_loss2.1621.pth, config: {'audio_repr': 'ar_ast.AR_AST', 'weight_file': 'external/ast/pretrained_models/ast_audioset.pth', 'feature_d': 768, 'sample_rate': 16000, 'n_fft': 400, 'window_size': 400, 'hop_size': 160, 'n_mels': 128, 'window': 'hanning', 'batch_size': 128, 'lr_lineareval': 0.0003, 'report_per_epochs': 20, 'early_stop_epochs': 20, 'warmup_epochs': 5, 'mixup': 0.0, 'ft_bs': 64, 'ft_lr': 2.0, 'ft_early_stop_epochs': -1, 'ft_epochs': 50, 'ft_freq_mask': 40, 'ft_time_mask': 100, 'ft_rrc': False, 'name': '', 'task_metadata': 'evar/metadata/circor4.csv', 'task_data': 'work/16k/circor4', 'unit_samples': 80000, 'id': 'circor4_ar_ast.AR_AST_2a444287', 'training_mask': 0.0, 'optim': 'sgd', 'unit_sec': None, 'data_path': 'work', 'eval_checkpoint': PosixPath('logs/circor4_ar_ast.AR_AST_2a444287/weights_ep17it281-0.66848_loss2.1621.pth'), 'runtime_cfg': {'lr': 3e-05, 'seed': 46, 'hidden': [], 'mixup': 0.0, 'bs': 64, 'freq_mask': 40, 'time_mask': 100, 'rrc': False, 'epochs': 50, 'early_stop_epochs': -1, 'n_class': 3, 'id': '1dc7073d'}}"
AST,circor5,0.56,0.5934715648711593,0.7111111111111111,0.7647058823529411,0.3045977011494253,external/ast/pretrained_models/ast_audioset.pth,circor5_ar_ast.AR_AST_bfb1ea24,"Finetuning circor5_ar_ast.AR_AST_bfb1ea24- on circor5 -> weighted_accuracy: 0.56000. UAR: 0.59347, recall per class: [0.71111111 0.76470588 0.3045977 ], best weight: logs/circor5_ar_ast.AR_AST_bfb1ea24/weights_ep7it280-0.59264_loss0.6605.pth, config: {'audio_repr': 'ar_ast.AR_AST', 'weight_file': 'external/ast/pretrained_models/ast_audioset.pth', 'feature_d': 768, 'sample_rate': 16000, 'n_fft': 400, 'window_size': 400, 'hop_size': 160, 'n_mels': 128, 'window': 'hanning', 'batch_size': 128, 'lr_lineareval': 0.0003, 'report_per_epochs': 20, 'early_stop_epochs': 20, 'warmup_epochs': 5, 'mixup': 0.0, 'ft_bs': 64, 'ft_lr': 2.0, 'ft_early_stop_epochs': -1, 'ft_epochs': 50, 'ft_freq_mask': 40, 'ft_time_mask': 100, 'ft_rrc': False, 'name': '', 'task_metadata': 'evar/metadata/circor5.csv', 'task_data': 'work/16k/circor5', 'unit_samples': 80000, 'id': 'circor5_ar_ast.AR_AST_bfb1ea24', 'training_mask': 0.0, 'optim': 'sgd', 'unit_sec': None, 'data_path': 'work', 'eval_checkpoint': PosixPath('logs/circor5_ar_ast.AR_AST_bfb1ea24/weights_ep7it280-0.59264_loss0.6605.pth'), 'runtime_cfg': {'lr': 3e-05, 'seed': 44, 'hidden': [], 'mixup': 0.0, 'bs': 64, 'freq_mask': 40, 'time_mask': 100, 'rrc': False, 'epochs': 50, 'early_stop_epochs': -1, 'n_class': 3, 'id': '12bd63e4'}}"
AST,circor1,0.5644444444444444,0.6410562692509955,0.6888888888888889,0.9411764705882352,0.293103448275862,external/ast/pretrained_models/ast_audioset.pth,circor1_ar_ast.AR_AST_63cb7c1c,"Finetuning circor1_ar_ast.AR_AST_63cb7c1c- on circor1 -> weighted_accuracy: 0.56444. UAR: 0.64106, recall per class: [0.68888889 0.94117647 0.29310345], best weight: logs/circor1_ar_ast.AR_AST_63cb7c1c/weights_ep4it277-0.65278_loss0.8936.pth, config: {'audio_repr': 'ar_ast.AR_AST', 'weight_file': 'external/ast/pretrained_models/ast_audioset.pth', 'feature_d': 768, 'sample_rate': 16000, 'n_fft': 400, 'window_size': 400, 'hop_size': 160, 'n_mels': 128, 'window': 'hanning', 'batch_size': 128, 'lr_lineareval': 0.0003, 'report_per_epochs': 20, 'early_stop_epochs': 20, 'warmup_epochs': 5, 'mixup': 0.0, 'ft_bs': 64, 'ft_lr': 2.0, 'ft_early_stop_epochs': -1, 'ft_epochs': 50, 'ft_freq_mask': 40, 'ft_time_mask': 100, 'ft_rrc': False, 'name': '', 'task_metadata': 'evar/metadata/circor1.csv', 'task_data': 'work/16k/circor1', 'unit_samples': 80000, 'id': 'circor1_ar_ast.AR_AST_63cb7c1c', 'training_mask': 0.0, 'optim': 'sgd', 'unit_sec': None, 'data_path': 'work', 'eval_checkpoint': PosixPath('logs/circor1_ar_ast.AR_AST_63cb7c1c/weights_ep4it277-0.65278_loss0.8936.pth'), 'runtime_cfg': {'lr': 3e-05, 'seed': 47, 'hidden': [], 'mixup': 0.0, 'bs': 64, 'freq_mask': 40, 'time_mask': 100, 'rrc': False, 'epochs': 50, 'early_stop_epochs': -1, 'n_class': 3, 'id': '41c3decd'}}"
AST,circor4,0.5577777777777778,0.6192772894598453,0.7111111111111111,0.8823529411764706,0.264367816091954,external/ast/pretrained_models/ast_audioset.pth,circor4_ar_ast.AR_AST_2a444287,"Finetuning circor4_ar_ast.AR_AST_2a444287- on circor4 -> weighted_accuracy: 0.55778. UAR: 0.61928, recall per class: [0.71111111 0.88235294 0.26436782], best weight: logs/circor4_ar_ast.AR_AST_2a444287/weights_ep4it281-0.58405_loss0.4808.pth, config: {'audio_repr': 'ar_ast.AR_AST', 'weight_file': 'external/ast/pretrained_models/ast_audioset.pth', 'feature_d': 768, 'sample_rate': 16000, 'n_fft': 400, 'window_size': 400, 'hop_size': 160, 'n_mels': 128, 'window': 'hanning', 'batch_size': 128, 'lr_lineareval': 0.0003, 'report_per_epochs': 20, 'early_stop_epochs': 20, 'warmup_epochs': 5, 'mixup': 0.0, 'ft_bs': 64, 'ft_lr': 2.0, 'ft_early_stop_epochs': -1, 'ft_epochs': 50, 'ft_freq_mask': 40, 'ft_time_mask': 100, 'ft_rrc': False, 'name': '', 'task_metadata': 'evar/metadata/circor4.csv', 'task_data': 'work/16k/circor4', 'unit_samples': 80000, 'id': 'circor4_ar_ast.AR_AST_2a444287', 'training_mask': 0.0, 'optim': 'sgd', 'unit_sec': None, 'data_path': 'work', 'eval_checkpoint': PosixPath('logs/circor4_ar_ast.AR_AST_2a444287/weights_ep4it281-0.58405_loss0.4808.pth'), 'runtime_cfg': {'lr': 3e-05, 'seed': 47, 'hidden': [], 'mixup': 0.0, 'bs': 64, 'freq_mask': 40, 'time_mask': 100, 'rrc': False, 'epochs': 50, 'early_stop_epochs': -1, 'n_class': 3, 'id': '41c3decd'}}"
AST,circor5,0.6422222222222222,0.6600105176170085,0.7555555555555555,0.7647058823529411,0.4597701149425287,external/ast/pretrained_models/ast_audioset.pth,circor5_ar_ast.AR_AST_bfb1ea24,"Finetuning circor5_ar_ast.AR_AST_bfb1ea24- on circor5 -> weighted_accuracy: 0.64222. UAR: 0.66001, recall per class: [0.75555556 0.76470588 0.45977011], best weight: logs/circor5_ar_ast.AR_AST_bfb1ea24/weights_ep12it280-0.65310_loss0.7325.pth, config: {'audio_repr': 'ar_ast.AR_AST', 'weight_file': 'external/ast/pretrained_models/ast_audioset.pth', 'feature_d': 768, 'sample_rate': 16000, 'n_fft': 400, 'window_size': 400, 'hop_size': 160, 'n_mels': 128, 'window': 'hanning', 'batch_size': 128, 'lr_lineareval': 0.0003, 'report_per_epochs': 20, 'early_stop_epochs': 20, 'warmup_epochs': 5, 'mixup': 0.0, 'ft_bs': 64, 'ft_lr': 2.0, 'ft_early_stop_epochs': -1, 'ft_epochs': 50, 'ft_freq_mask': 40, 'ft_time_mask': 100, 'ft_rrc': False, 'name': '', 'task_metadata': 'evar/metadata/circor5.csv', 'task_data': 'work/16k/circor5', 'unit_samples': 80000, 'id': 'circor5_ar_ast.AR_AST_bfb1ea24', 'training_mask': 0.0, 'optim': 'sgd', 'unit_sec': None, 'data_path': 'work', 'eval_checkpoint': PosixPath('logs/circor5_ar_ast.AR_AST_bfb1ea24/weights_ep12it280-0.65310_loss0.7325.pth'), 'runtime_cfg': {'lr': 3e-05, 'seed': 45, 'hidden': [], 'mixup': 0.0, 'bs': 64, 'freq_mask': 40, 'time_mask': 100, 'rrc': False, 'epochs': 50, 'early_stop_epochs': -1, 'n_class': 3, 'id': '481fc220'}}"
AST,circor5,0.7133333333333334,0.7009390729471865,0.8222222222222222,0.7058823529411765,0.5747126436781609,external/ast/pretrained_models/ast_audioset.pth,circor5_ar_ast.AR_AST_bfb1ea24,"Finetuning circor5_ar_ast.AR_AST_bfb1ea24- on circor5 -> weighted_accuracy: 0.71333. UAR: 0.70094, recall per class: [0.82222222 0.70588235 0.57471264], best weight: logs/circor5_ar_ast.AR_AST_bfb1ea24/weights_ep42it280-0.65271_loss0.7447.pth, config: {'audio_repr': 'ar_ast.AR_AST', 'weight_file': 'external/ast/pretrained_models/ast_audioset.pth', 'feature_d': 768, 'sample_rate': 16000, 'n_fft': 400, 'window_size': 400, 'hop_size': 160, 'n_mels': 128, 'window': 'hanning', 'batch_size': 128, 'lr_lineareval': 0.0003, 'report_per_epochs': 20, 'early_stop_epochs': 20, 'warmup_epochs': 5, 'mixup': 0.0, 'ft_bs': 64, 'ft_lr': 2.0, 'ft_early_stop_epochs': -1, 'ft_epochs': 50, 'ft_freq_mask': 40, 'ft_time_mask': 100, 'ft_rrc': False, 'name': '', 'task_metadata': 'evar/metadata/circor5.csv', 'task_data': 'work/16k/circor5', 'unit_samples': 80000, 'id': 'circor5_ar_ast.AR_AST_bfb1ea24', 'training_mask': 0.0, 'optim': 'sgd', 'unit_sec': None, 'data_path': 'work', 'eval_checkpoint': PosixPath('logs/circor5_ar_ast.AR_AST_bfb1ea24/weights_ep42it280-0.65271_loss0.7447.pth'), 'runtime_cfg': {'lr': 3e-05, 'seed': 46, 'hidden': [], 'mixup': 0.0, 'bs': 64, 'freq_mask': 40, 'time_mask': 100, 'rrc': False, 'epochs': 50, 'early_stop_epochs': -1, 'n_class': 3, 'id': '1dc7073d'}}"
AST,circor5,0.5311111111111111,0.5780857937044549,0.7555555555555555,0.8235294117647058,0.1551724137931034,external/ast/pretrained_models/ast_audioset.pth,circor5_ar_ast.AR_AST_bfb1ea24,"Finetuning circor5_ar_ast.AR_AST_bfb1ea24- on circor5 -> weighted_accuracy: 0.53111. UAR: 0.57809, recall per class: [0.75555556 0.82352941 0.15517241], best weight: logs/circor5_ar_ast.AR_AST_bfb1ea24/weights_ep4it280-0.59767_loss0.8212.pth, config: {'audio_repr': 'ar_ast.AR_AST', 'weight_file': 'external/ast/pretrained_models/ast_audioset.pth', 'feature_d': 768, 'sample_rate': 16000, 'n_fft': 400, 'window_size': 400, 'hop_size': 160, 'n_mels': 128, 'window': 'hanning', 'batch_size': 128, 'lr_lineareval': 0.0003, 'report_per_epochs': 20, 'early_stop_epochs': 20, 'warmup_epochs': 5, 'mixup': 0.0, 'ft_bs': 64, 'ft_lr': 2.0, 'ft_early_stop_epochs': -1, 'ft_epochs': 50, 'ft_freq_mask': 40, 'ft_time_mask': 100, 'ft_rrc': False, 'name': '', 'task_metadata': 'evar/metadata/circor5.csv', 'task_data': 'work/16k/circor5', 'unit_samples': 80000, 'id': 'circor5_ar_ast.AR_AST_bfb1ea24', 'training_mask': 0.0, 'optim': 'sgd', 'unit_sec': None, 'data_path': 'work', 'eval_checkpoint': PosixPath('logs/circor5_ar_ast.AR_AST_bfb1ea24/weights_ep4it280-0.59767_loss0.8212.pth'), 'runtime_cfg': {'lr': 3e-05, 'seed': 47, 'hidden': [], 'mixup': 0.0, 'bs': 64, 'freq_mask': 40, 'time_mask': 100, 'rrc': False, 'epochs': 50, 'early_stop_epochs': -1, 'n_class': 3, 'id': '41c3decd'}}"
M2D,circor4,0.8422222222222222,0.690308767185035,0.9333333333333332,0.2352941176470588,0.9022988505747126,weights-final/m2d_vit_base-80x608p16x16-220930-mr7/checkpoint-300.pth,circor4_ar_m2d.AR_M2D_fc5206c8,"Finetuning circor4_ar_m2d.AR_M2D_fc5206c8- on circor4 -> weighted_accuracy: 0.84222. UAR: 0.69031, recall per class: [0.93333333 0.23529412 0.90229885], best weight: logs/circor4_ar_m2d.AR_M2D_fc5206c8/weights_ep35it562-0.82840_loss2.2186.pth, config: {'audio_repr': 'ar_m2d.AR_M2D', 'weight_file': 'weights-final/m2d_vit_base-80x608p16x16-220930-mr7/checkpoint-300.pth', 'feature_d': 3840, 'sample_rate': 16000, 'n_fft': 400, 'window_size': 400, 'hop_size': 160, 'n_mels': 80, 'f_min': 50, 'f_max': 8000, 'window': 'hanning', 'cls_token': False, 'output_layers': [-1], 'encoder_only': True, 'dur_frames': None, 'freeze_embed': True, 'training_mask': 0.0, 'flat_features': False, 'batch_size': 128, 'lr_lineareval': 3e-05, 'report_per_epochs': 50, 'early_stop_epochs': 20, 'warmup_epochs': 5, 'mixup': 0.0, 'ft_bs': 32, 'ft_lr': 2.0, 'ft_early_stop_epochs': -1, 'ft_epochs': 50, 'ft_freq_mask': 0, 'ft_time_mask': 0, 'ft_noise': 0.0, 'ft_rrc': False, 'name': '', 'task_metadata': 'evar/metadata/circor4.csv', 'task_data': 'work/16k/circor4', 'unit_samples': 80000, 'id': 'circor4_ar_m2d.AR_M2D_fc5206c8', 'optim': 'sgd', 'unit_sec': None, 'data_path': 'work', 'eval_checkpoint': PosixPath('logs/circor4_ar_m2d.AR_M2D_fc5206c8/weights_ep35it562-0.82840_loss2.2186.pth'), 'runtime_cfg': {'lr': 0.00025, 'seed': 8, 'hidden': [], 'mixup': 0.0, 'bs': 32, 'freq_mask': 0, 'time_mask': 0, 'rrc': False, 'epochs': 50, 'early_stop_epochs': -1, 'n_class': 3, 'id': '0a43a7ce'}, 'input_size': [80, 608], 'patch_size': [16, 16], 'model': 'm2d_vit_base_encoder_only', 'decoder_depth': 8}"
M2D,circor1,0.8555555555555555,0.8148598903162797,0.9111111111111112,0.7058823529411765,0.8275862068965517,weights-final/m2d_vit_base-80x608p16x16-220930-mr7/checkpoint-300.pth,circor1_ar_m2d.AR_M2D_8ff7abf7,"Finetuning circor1_ar_m2d.AR_M2D_8ff7abf7- on circor1 -> weighted_accuracy: 0.85556. UAR: 0.81486, recall per class: [0.91111111 0.70588235 0.82758621], best weight: logs/circor1_ar_m2d.AR_M2D_8ff7abf7/weights_ep35it554-0.82114_loss0.8219.pth, config: {'audio_repr': 'ar_m2d.AR_M2D', 'weight_file': 'weights-final/m2d_vit_base-80x608p16x16-220930-mr7/checkpoint-300.pth', 'feature_d': 3840, 'sample_rate': 16000, 'n_fft': 400, 'window_size': 400, 'hop_size': 160, 'n_mels': 80, 'f_min': 50, 'f_max': 8000, 'window': 'hanning', 'cls_token': False, 'output_layers': [-1], 'encoder_only': True, 'dur_frames': None, 'freeze_embed': True, 'training_mask': 0.0, 'flat_features': False, 'batch_size': 128, 'lr_lineareval': 3e-05, 'report_per_epochs': 50, 'early_stop_epochs': 20, 'warmup_epochs': 5, 'mixup': 0.0, 'ft_bs': 32, 'ft_lr': 2.0, 'ft_early_stop_epochs': -1, 'ft_epochs': 50, 'ft_freq_mask': 0, 'ft_time_mask': 0, 'ft_noise': 0.0, 'ft_rrc': False, 'name': '', 'task_metadata': 'evar/metadata/circor1.csv', 'task_data': 'work/16k/circor1', 'unit_samples': 80000, 'id': 'circor1_ar_m2d.AR_M2D_8ff7abf7', 'optim': 'sgd', 'unit_sec': None, 'data_path': 'work', 'eval_checkpoint': PosixPath('logs/circor1_ar_m2d.AR_M2D_8ff7abf7/weights_ep35it554-0.82114_loss0.8219.pth'), 'runtime_cfg': {'lr': 0.00025, 'seed': 8, 'hidden': [], 'mixup': 0.0, 'bs': 32, 'freq_mask': 0, 'time_mask': 0, 'rrc': False, 'epochs': 50, 'early_stop_epochs': -1, 'n_class': 3, 'id': '0a43a7ce'}, 'input_size': [80, 608], 'patch_size': [16, 16], 'model': 'm2d_vit_base_encoder_only', 'decoder_depth': 8}"
M2D,circor5,0.8111111111111111,0.6656599804672827,0.9111111111111112,0.2352941176470588,0.8505747126436781,weights-final/m2d_vit_base-80x608p16x16-220930-mr7/checkpoint-300.pth,circor5_ar_m2d.AR_M2D_79959fa6,"Finetuning circor5_ar_m2d.AR_M2D_79959fa6- on circor5 -> weighted_accuracy: 0.81111. UAR: 0.66566, recall per class: [0.91111111 0.23529412 0.85057471], best weight: logs/circor5_ar_m2d.AR_M2D_79959fa6/weights_ep45it560-0.81357_loss0.7635.pth, config: {'audio_repr': 'ar_m2d.AR_M2D', 'weight_file': 'weights-final/m2d_vit_base-80x608p16x16-220930-mr7/checkpoint-300.pth', 'feature_d': 3840, 'sample_rate': 16000, 'n_fft': 400, 'window_size': 400, 'hop_size': 160, 'n_mels': 80, 'f_min': 50, 'f_max': 8000, 'window': 'hanning', 'cls_token': False, 'output_layers': [-1], 'encoder_only': True, 'dur_frames': None, 'freeze_embed': True, 'training_mask': 0.0, 'flat_features': False, 'batch_size': 128, 'lr_lineareval': 3e-05, 'report_per_epochs': 50, 'early_stop_epochs': 20, 'warmup_epochs': 5, 'mixup': 0.0, 'ft_bs': 32, 'ft_lr': 2.0, 'ft_early_stop_epochs': -1, 'ft_epochs': 50, 'ft_freq_mask': 0, 'ft_time_mask': 0, 'ft_noise': 0.0, 'ft_rrc': False, 'name': '', 'task_metadata': 'evar/metadata/circor5.csv', 'task_data': 'work/16k/circor5', 'unit_samples': 80000, 'id': 'circor5_ar_m2d.AR_M2D_79959fa6', 'optim': 'sgd', 'unit_sec': None, 'data_path': 'work', 'eval_checkpoint': PosixPath('logs/circor5_ar_m2d.AR_M2D_79959fa6/weights_ep45it560-0.81357_loss0.7635.pth'), 'runtime_cfg': {'lr': 0.00025, 'seed': 8, 'hidden': [], 'mixup': 0.0, 'bs': 32, 'freq_mask': 0, 'time_mask': 0, 'rrc': False, 'epochs': 50, 'early_stop_epochs': -1, 'n_class': 3, 'id': '0a43a7ce'}, 'input_size': [80, 608], 'patch_size': [16, 16], 'model': 'm2d_vit_base_encoder_only', 'decoder_depth': 8}"
M2D,circor4,0.8333333333333334,0.6826459319359928,0.9333333333333332,0.2352941176470588,0.8793103448275862,weights-final/m2d_vit_base-80x608p16x16-220930-mr7/checkpoint-300.pth,circor4_ar_m2d.AR_M2D_fc5206c8,"Finetuning circor4_ar_m2d.AR_M2D_fc5206c8- on circor4 -> weighted_accuracy: 0.83333. UAR: 0.68265, recall per class: [0.93333333 0.23529412 0.87931034], best weight: logs/circor4_ar_m2d.AR_M2D_fc5206c8/weights_ep48it562-0.83346_loss1.8498.pth, config: {'audio_repr': 'ar_m2d.AR_M2D', 'weight_file': 'weights-final/m2d_vit_base-80x608p16x16-220930-mr7/checkpoint-300.pth', 'feature_d': 3840, 'sample_rate': 16000, 'n_fft': 400, 'window_size': 400, 'hop_size': 160, 'n_mels': 80, 'f_min': 50, 'f_max': 8000, 'window': 'hanning', 'cls_token': False, 'output_layers': [-1], 'encoder_only': True, 'dur_frames': None, 'freeze_embed': True, 'training_mask': 0.0, 'flat_features': False, 'batch_size': 128, 'lr_lineareval': 3e-05, 'report_per_epochs': 50, 'early_stop_epochs': 20, 'warmup_epochs': 5, 'mixup': 0.0, 'ft_bs': 32, 'ft_lr': 2.0, 'ft_early_stop_epochs': -1, 'ft_epochs': 50, 'ft_freq_mask': 0, 'ft_time_mask': 0, 'ft_noise': 0.0, 'ft_rrc': False, 'name': '', 'task_metadata': 'evar/metadata/circor4.csv', 'task_data': 'work/16k/circor4', 'unit_samples': 80000, 'id': 'circor4_ar_m2d.AR_M2D_fc5206c8', 'optim': 'sgd', 'unit_sec': None, 'data_path': 'work', 'eval_checkpoint': PosixPath('logs/circor4_ar_m2d.AR_M2D_fc5206c8/weights_ep48it562-0.83346_loss1.8498.pth'), 'runtime_cfg': {'lr': 0.00025, 'seed': 9, 'hidden': [], 'mixup': 0.0, 'bs': 32, 'freq_mask': 0, 'time_mask': 0, 'rrc': False, 'epochs': 50, 'early_stop_epochs': -1, 'n_class': 3, 'id': 'e91cd9b1'}, 'input_size': [80, 608], 'patch_size': [16, 16], 'model': 'm2d_vit_base_encoder_only', 'decoder_depth': 8}"
M2D,circor1,0.8355555555555556,0.7283149275035684,0.9111111111111112,0.4117647058823529,0.8620689655172413,weights-final/m2d_vit_base-80x608p16x16-220930-mr7/checkpoint-300.pth,circor1_ar_m2d.AR_M2D_8ff7abf7,"Finetuning circor1_ar_m2d.AR_M2D_8ff7abf7- on circor1 -> weighted_accuracy: 0.83556. UAR: 0.72831, recall per class: [0.91111111 0.41176471 0.86206897], best weight: logs/circor1_ar_m2d.AR_M2D_8ff7abf7/weights_ep44it554-0.82954_loss0.6349.pth, config: {'audio_repr': 'ar_m2d.AR_M2D', 'weight_file': 'weights-final/m2d_vit_base-80x608p16x16-220930-mr7/checkpoint-300.pth', 'feature_d': 3840, 'sample_rate': 16000, 'n_fft': 400, 'window_size': 400, 'hop_size': 160, 'n_mels': 80, 'f_min': 50, 'f_max': 8000, 'window': 'hanning', 'cls_token': False, 'output_layers': [-1], 'encoder_only': True, 'dur_frames': None, 'freeze_embed': True, 'training_mask': 0.0, 'flat_features': False, 'batch_size': 128, 'lr_lineareval': 3e-05, 'report_per_epochs': 50, 'early_stop_epochs': 20, 'warmup_epochs': 5, 'mixup': 0.0, 'ft_bs': 32, 'ft_lr': 2.0, 'ft_early_stop_epochs': -1, 'ft_epochs': 50, 'ft_freq_mask': 0, 'ft_time_mask': 0, 'ft_noise': 0.0, 'ft_rrc': False, 'name': '', 'task_metadata': 'evar/metadata/circor1.csv', 'task_data': 'work/16k/circor1', 'unit_samples': 80000, 'id': 'circor1_ar_m2d.AR_M2D_8ff7abf7', 'optim': 'sgd', 'unit_sec': None, 'data_path': 'work', 'eval_checkpoint': PosixPath('logs/circor1_ar_m2d.AR_M2D_8ff7abf7/weights_ep44it554-0.82954_loss0.6349.pth'), 'runtime_cfg': {'lr': 0.00025, 'seed': 9, 'hidden': [], 'mixup': 0.0, 'bs': 32, 'freq_mask': 0, 'time_mask': 0, 'rrc': False, 'epochs': 50, 'early_stop_epochs': -1, 'n_class': 3, 'id': 'e91cd9b1'}, 'input_size': [80, 608], 'patch_size': [16, 16], 'model': 'm2d_vit_base_encoder_only', 'decoder_depth': 8}"
M2D,circor5,0.8155555555555556,0.6716625347456991,0.8888888888888888,0.2352941176470588,0.8908045977011494,weights-final/m2d_vit_base-80x608p16x16-220930-mr7/checkpoint-300.pth,circor5_ar_m2d.AR_M2D_79959fa6,"Finetuning circor5_ar_m2d.AR_M2D_79959fa6- on circor5 -> weighted_accuracy: 0.81556. UAR: 0.67166, recall per class: [0.88888889 0.23529412 0.8908046 ], best weight: logs/circor5_ar_m2d.AR_M2D_79959fa6/weights_ep41it560-0.82209_loss0.4758.pth, config: {'audio_repr': 'ar_m2d.AR_M2D', 'weight_file': 'weights-final/m2d_vit_base-80x608p16x16-220930-mr7/checkpoint-300.pth', 'feature_d': 3840, 'sample_rate': 16000, 'n_fft': 400, 'window_size': 400, 'hop_size': 160, 'n_mels': 80, 'f_min': 50, 'f_max': 8000, 'window': 'hanning', 'cls_token': False, 'output_layers': [-1], 'encoder_only': True, 'dur_frames': None, 'freeze_embed': True, 'training_mask': 0.0, 'flat_features': False, 'batch_size': 128, 'lr_lineareval': 3e-05, 'report_per_epochs': 50, 'early_stop_epochs': 20, 'warmup_epochs': 5, 'mixup': 0.0, 'ft_bs': 32, 'ft_lr': 2.0, 'ft_early_stop_epochs': -1, 'ft_epochs': 50, 'ft_freq_mask': 0, 'ft_time_mask': 0, 'ft_noise': 0.0, 'ft_rrc': False, 'name': '', 'task_metadata': 'evar/metadata/circor5.csv', 'task_data': 'work/16k/circor5', 'unit_samples': 80000, 'id': 'circor5_ar_m2d.AR_M2D_79959fa6', 'optim': 'sgd', 'unit_sec': None, 'data_path': 'work', 'eval_checkpoint': PosixPath('logs/circor5_ar_m2d.AR_M2D_79959fa6/weights_ep41it560-0.82209_loss0.4758.pth'), 'runtime_cfg': {'lr': 0.00025, 'seed': 9, 'hidden': [], 'mixup': 0.0, 'bs': 32, 'freq_mask': 0, 'time_mask': 0, 'rrc': False, 'epochs': 50, 'early_stop_epochs': -1, 'n_class': 3, 'id': 'e91cd9b1'}, 'input_size': [80, 608], 'patch_size': [16, 16], 'model': 'm2d_vit_base_encoder_only', 'decoder_depth': 8}"
M2D,circor4,0.8422222222222222,0.6742769138306665,0.9555555555555556,0.1764705882352941,0.8908045977011494,weights-final/m2d_vit_base-80x608p16x16-220930-mr7/checkpoint-300.pth,circor4_ar_m2d.AR_M2D_fc5206c8,"Finetuning circor4_ar_m2d.AR_M2D_fc5206c8- on circor4 -> weighted_accuracy: 0.84222. UAR: 0.67428, recall per class: [0.95555556 0.17647059 0.8908046 ], best weight: logs/circor4_ar_m2d.AR_M2D_fc5206c8/weights_ep39it562-0.81946_loss0.6089.pth, config: {'audio_repr': 'ar_m2d.AR_M2D', 'weight_file': 'weights-final/m2d_vit_base-80x608p16x16-220930-mr7/checkpoint-300.pth', 'feature_d': 3840, 'sample_rate': 16000, 'n_fft': 400, 'window_size': 400, 'hop_size': 160, 'n_mels': 80, 'f_min': 50, 'f_max': 8000, 'window': 'hanning', 'cls_token': False, 'output_layers': [-1], 'encoder_only': True, 'dur_frames': None, 'freeze_embed': True, 'training_mask': 0.0, 'flat_features': False, 'batch_size': 128, 'lr_lineareval': 3e-05, 'report_per_epochs': 50, 'early_stop_epochs': 20, 'warmup_epochs': 5, 'mixup': 0.0, 'ft_bs': 32, 'ft_lr': 2.0, 'ft_early_stop_epochs': -1, 'ft_epochs': 50, 'ft_freq_mask': 0, 'ft_time_mask': 0, 'ft_noise': 0.0, 'ft_rrc': False, 'name': '', 'task_metadata': 'evar/metadata/circor4.csv', 'task_data': 'work/16k/circor4', 'unit_samples': 80000, 'id': 'circor4_ar_m2d.AR_M2D_fc5206c8', 'optim': 'sgd', 'unit_sec': None, 'data_path': 'work', 'eval_checkpoint': PosixPath('logs/circor4_ar_m2d.AR_M2D_fc5206c8/weights_ep39it562-0.81946_loss0.6089.pth'), 'runtime_cfg': {'lr': 0.00025, 'seed': 10, 'hidden': [], 'mixup': 0.0, 'bs': 32, 'freq_mask': 0, 'time_mask': 0, 'rrc': False, 'epochs': 50, 'early_stop_epochs': -1, 'n_class': 3, 'id': '46d7f1e9'}, 'input_size': [80, 608], 'patch_size': [16, 16], 'model': 'm2d_vit_base_encoder_only', 'decoder_depth': 8}"
M2D,circor1,0.8444444444444444,0.7797310495079257,0.8888888888888888,0.5882352941176471,0.8620689655172413,weights-final/m2d_vit_base-80x608p16x16-220930-mr7/checkpoint-300.pth,circor1_ar_m2d.AR_M2D_8ff7abf7,"Finetuning circor1_ar_m2d.AR_M2D_8ff7abf7- on circor1 -> weighted_accuracy: 0.84444. UAR: 0.77973, recall per class: [0.88888889 0.58823529 0.86206897], best weight: logs/circor1_ar_m2d.AR_M2D_8ff7abf7/weights_ep41it554-0.81834_loss0.7292.pth, config: {'audio_repr': 'ar_m2d.AR_M2D', 'weight_file': 'weights-final/m2d_vit_base-80x608p16x16-220930-mr7/checkpoint-300.pth', 'feature_d': 3840, 'sample_rate': 16000, 'n_fft': 400, 'window_size': 400, 'hop_size': 160, 'n_mels': 80, 'f_min': 50, 'f_max': 8000, 'window': 'hanning', 'cls_token': False, 'output_layers': [-1], 'encoder_only': True, 'dur_frames': None, 'freeze_embed': True, 'training_mask': 0.0, 'flat_features': False, 'batch_size': 128, 'lr_lineareval': 3e-05, 'report_per_epochs': 50, 'early_stop_epochs': 20, 'warmup_epochs': 5, 'mixup': 0.0, 'ft_bs': 32, 'ft_lr': 2.0, 'ft_early_stop_epochs': -1, 'ft_epochs': 50, 'ft_freq_mask': 0, 'ft_time_mask': 0, 'ft_noise': 0.0, 'ft_rrc': False, 'name': '', 'task_metadata': 'evar/metadata/circor1.csv', 'task_data': 'work/16k/circor1', 'unit_samples': 80000, 'id': 'circor1_ar_m2d.AR_M2D_8ff7abf7', 'optim': 'sgd', 'unit_sec': None, 'data_path': 'work', 'eval_checkpoint': PosixPath('logs/circor1_ar_m2d.AR_M2D_8ff7abf7/weights_ep41it554-0.81834_loss0.7292.pth'), 'runtime_cfg': {'lr': 0.00025, 'seed': 10, 'hidden': [], 'mixup': 0.0, 'bs': 32, 'freq_mask': 0, 'time_mask': 0, 'rrc': False, 'epochs': 50, 'early_stop_epochs': -1, 'n_class': 3, 'id': '46d7f1e9'}, 'input_size': [80, 608], 'patch_size': [16, 16], 'model': 'm2d_vit_base_encoder_only', 'decoder_depth': 8}"
M2D,circor5,0.8133333333333334,0.6697468259334385,0.8888888888888888,0.2352941176470588,0.8850574712643678,weights-final/m2d_vit_base-80x608p16x16-220930-mr7/checkpoint-300.pth,circor5_ar_m2d.AR_M2D_79959fa6,"Finetuning circor5_ar_m2d.AR_M2D_79959fa6- on circor5 -> weighted_accuracy: 0.81333. UAR: 0.66975, recall per class: [0.88888889 0.23529412 0.88505747], best weight: logs/circor5_ar_m2d.AR_M2D_79959fa6/weights_ep47it560-0.81783_loss0.5987.pth, config: {'audio_repr': 'ar_m2d.AR_M2D', 'weight_file': 'weights-final/m2d_vit_base-80x608p16x16-220930-mr7/checkpoint-300.pth', 'feature_d': 3840, 'sample_rate': 16000, 'n_fft': 400, 'window_size': 400, 'hop_size': 160, 'n_mels': 80, 'f_min': 50, 'f_max': 8000, 'window': 'hanning', 'cls_token': False, 'output_layers': [-1], 'encoder_only': True, 'dur_frames': None, 'freeze_embed': True, 'training_mask': 0.0, 'flat_features': False, 'batch_size': 128, 'lr_lineareval': 3e-05, 'report_per_epochs': 50, 'early_stop_epochs': 20, 'warmup_epochs': 5, 'mixup': 0.0, 'ft_bs': 32, 'ft_lr': 2.0, 'ft_early_stop_epochs': -1, 'ft_epochs': 50, 'ft_freq_mask': 0, 'ft_time_mask': 0, 'ft_noise': 0.0, 'ft_rrc': False, 'name': '', 'task_metadata': 'evar/metadata/circor5.csv', 'task_data': 'work/16k/circor5', 'unit_samples': 80000, 'id': 'circor5_ar_m2d.AR_M2D_79959fa6', 'optim': 'sgd', 'unit_sec': None, 'data_path': 'work', 'eval_checkpoint': PosixPath('logs/circor5_ar_m2d.AR_M2D_79959fa6/weights_ep47it560-0.81783_loss0.5987.pth'), 'runtime_cfg': {'lr': 0.00025, 'seed': 10, 'hidden': [], 'mixup': 0.0, 'bs': 32, 'freq_mask': 0, 'time_mask': 0, 'rrc': False, 'epochs': 50, 'early_stop_epochs': -1, 'n_class': 3, 'id': '46d7f1e9'}, 'input_size': [80, 608], 'patch_size': [16, 16], 'model': 'm2d_vit_base_encoder_only', 'decoder_depth': 8}"
M2D,circor4,0.8333333333333334,0.726399218691308,0.9111111111111112,0.4117647058823529,0.8563218390804598,weights-final/m2d_vit_base-80x608p16x16-220930-mr7/checkpoint-300.pth,circor4_ar_m2d.AR_M2D_fc5206c8,"Finetuning circor4_ar_m2d.AR_M2D_fc5206c8- on circor4 -> weighted_accuracy: 0.83333. UAR: 0.72640, recall per class: [0.91111111 0.41176471 0.85632184], best weight: logs/circor4_ar_m2d.AR_M2D_fc5206c8/weights_ep28it562-0.83191_loss0.6056.pth, config: {'audio_repr': 'ar_m2d.AR_M2D', 'weight_file': 'weights-final/m2d_vit_base-80x608p16x16-220930-mr7/checkpoint-300.pth', 'feature_d': 3840, 'sample_rate': 16000, 'n_fft': 400, 'window_size': 400, 'hop_size': 160, 'n_mels': 80, 'f_min': 50, 'f_max': 8000, 'window': 'hanning', 'cls_token': False, 'output_layers': [-1], 'encoder_only': True, 'dur_frames': None, 'freeze_embed': True, 'training_mask': 0.0, 'flat_features': False, 'batch_size': 128, 'lr_lineareval': 3e-05, 'report_per_epochs': 50, 'early_stop_epochs': 20, 'warmup_epochs': 5, 'mixup': 0.0, 'ft_bs': 32, 'ft_lr': 2.0, 'ft_early_stop_epochs': -1, 'ft_epochs': 50, 'ft_freq_mask': 0, 'ft_time_mask': 0, 'ft_noise': 0.0, 'ft_rrc': False, 'name': '', 'task_metadata': 'evar/metadata/circor4.csv', 'task_data': 'work/16k/circor4', 'unit_samples': 80000, 'id': 'circor4_ar_m2d.AR_M2D_fc5206c8', 'optim': 'sgd', 'unit_sec': None, 'data_path': 'work', 'eval_checkpoint': PosixPath('logs/circor4_ar_m2d.AR_M2D_fc5206c8/weights_ep28it562-0.83191_loss0.6056.pth'), 'runtime_cfg': {'lr': 0.00025, 'seed': 11, 'hidden': [], 'mixup': 0.0, 'bs': 32, 'freq_mask': 0, 'time_mask': 0, 'rrc': False, 'epochs': 50, 'early_stop_epochs': -1, 'n_class': 3, 'id': 'ba52cf6d'}, 'input_size': [80, 608], 'patch_size': [16, 16], 'model': 'm2d_vit_base_encoder_only', 'decoder_depth': 8}"
M2D,circor5,0.8133333333333334,0.6675756892795431,0.9111111111111112,0.2352941176470588,0.8563218390804598,weights-final/m2d_vit_base-80x608p16x16-220930-mr7/checkpoint-300.pth,circor5_ar_m2d.AR_M2D_79959fa6,"Finetuning circor5_ar_m2d.AR_M2D_79959fa6- on circor5 -> weighted_accuracy: 0.81333. UAR: 0.66758, recall per class: [0.91111111 0.23529412 0.85632184], best weight: logs/circor5_ar_m2d.AR_M2D_79959fa6/weights_ep40it560-0.81860_loss0.6425.pth, config: {'audio_repr': 'ar_m2d.AR_M2D', 'weight_file': 'weights-final/m2d_vit_base-80x608p16x16-220930-mr7/checkpoint-300.pth', 'feature_d': 3840, 'sample_rate': 16000, 'n_fft': 400, 'window_size': 400, 'hop_size': 160, 'n_mels': 80, 'f_min': 50, 'f_max': 8000, 'window': 'hanning', 'cls_token': False, 'output_layers': [-1], 'encoder_only': True, 'dur_frames': None, 'freeze_embed': True, 'training_mask': 0.0, 'flat_features': False, 'batch_size': 128, 'lr_lineareval': 3e-05, 'report_per_epochs': 50, 'early_stop_epochs': 20, 'warmup_epochs': 5, 'mixup': 0.0, 'ft_bs': 32, 'ft_lr': 2.0, 'ft_early_stop_epochs': -1, 'ft_epochs': 50, 'ft_freq_mask': 0, 'ft_time_mask': 0, 'ft_noise': 0.0, 'ft_rrc': False, 'name': '', 'task_metadata': 'evar/metadata/circor5.csv', 'task_data': 'work/16k/circor5', 'unit_samples': 80000, 'id': 'circor5_ar_m2d.AR_M2D_79959fa6', 'optim': 'sgd', 'unit_sec': None, 'data_path': 'work', 'eval_checkpoint': PosixPath('logs/circor5_ar_m2d.AR_M2D_79959fa6/weights_ep40it560-0.81860_loss0.6425.pth'), 'runtime_cfg': {'lr': 0.00025, 'seed': 11, 'hidden': [], 'mixup': 0.0, 'bs': 32, 'freq_mask': 0, 'time_mask': 0, 'rrc': False, 'epochs': 50, 'early_stop_epochs': -1, 'n_class': 3, 'id': 'ba52cf6d'}, 'input_size': [80, 608], 'patch_size': [16, 16], 'model': 'm2d_vit_base_encoder_only', 'decoder_depth': 8}"
M2D,circor1,0.8466666666666667,0.7656149049658177,0.9111111111111112,0.5294117647058824,0.8563218390804598,weights-final/m2d_vit_base-80x608p16x16-220930-mr7/checkpoint-300.pth,circor1_ar_m2d.AR_M2D_8ff7abf7,"Finetuning circor1_ar_m2d.AR_M2D_8ff7abf7- on circor1 -> weighted_accuracy: 0.84667. UAR: 0.76561, recall per class: [0.91111111 0.52941176 0.85632184], best weight: logs/circor1_ar_m2d.AR_M2D_8ff7abf7/weights_ep41it554-0.83199_loss0.4177.pth, config: {'audio_repr': 'ar_m2d.AR_M2D', 'weight_file': 'weights-final/m2d_vit_base-80x608p16x16-220930-mr7/checkpoint-300.pth', 'feature_d': 3840, 'sample_rate': 16000, 'n_fft': 400, 'window_size': 400, 'hop_size': 160, 'n_mels': 80, 'f_min': 50, 'f_max': 8000, 'window': 'hanning', 'cls_token': False, 'output_layers': [-1], 'encoder_only': True, 'dur_frames': None, 'freeze_embed': True, 'training_mask': 0.0, 'flat_features': False, 'batch_size': 128, 'lr_lineareval': 3e-05, 'report_per_epochs': 50, 'early_stop_epochs': 20, 'warmup_epochs': 5, 'mixup': 0.0, 'ft_bs': 32, 'ft_lr': 2.0, 'ft_early_stop_epochs': -1, 'ft_epochs': 50, 'ft_freq_mask': 0, 'ft_time_mask': 0, 'ft_noise': 0.0, 'ft_rrc': False, 'name': '', 'task_metadata': 'evar/metadata/circor1.csv', 'task_data': 'work/16k/circor1', 'unit_samples': 80000, 'id': 'circor1_ar_m2d.AR_M2D_8ff7abf7', 'optim': 'sgd', 'unit_sec': None, 'data_path': 'work', 'eval_checkpoint': PosixPath('logs/circor1_ar_m2d.AR_M2D_8ff7abf7/weights_ep41it554-0.83199_loss0.4177.pth'), 'runtime_cfg': {'lr': 0.00025, 'seed': 11, 'hidden': [], 'mixup': 0.0, 'bs': 32, 'freq_mask': 0, 'time_mask': 0, 'rrc': False, 'epochs': 50, 'early_stop_epochs': -1, 'n_class': 3, 'id': 'ba52cf6d'}, 'input_size': [80, 608], 'patch_size': [16, 16], 'model': 'm2d_vit_base_encoder_only', 'decoder_depth': 8}"
M2D,circor4,0.8333333333333334,0.6986777852903613,0.9111111111111112,0.2941176470588235,0.8908045977011494,weights-final/m2d_vit_base-80x608p16x16-220930-mr7/checkpoint-300.pth,circor4_ar_m2d.AR_M2D_fc5206c8,"Finetuning circor4_ar_m2d.AR_M2D_fc5206c8- on circor4 -> weighted_accuracy: 0.83333. UAR: 0.69868, recall per class: [0.91111111 0.29411765 0.8908046 ], best weight: logs/circor4_ar_m2d.AR_M2D_fc5206c8/weights_ep35it562-0.83813_loss0.6062.pth, config: {'audio_repr': 'ar_m2d.AR_M2D', 'weight_file': 'weights-final/m2d_vit_base-80x608p16x16-220930-mr7/checkpoint-300.pth', 'feature_d': 3840, 'sample_rate': 16000, 'n_fft': 400, 'window_size': 400, 'hop_size': 160, 'n_mels': 80, 'f_min': 50, 'f_max': 8000, 'window': 'hanning', 'cls_token': False, 'output_layers': [-1], 'encoder_only': True, 'dur_frames': None, 'freeze_embed': True, 'training_mask': 0.0, 'flat_features': False, 'batch_size': 128, 'lr_lineareval': 3e-05, 'report_per_epochs': 50, 'early_stop_epochs': 20, 'warmup_epochs': 5, 'mixup': 0.0, 'ft_bs': 32, 'ft_lr': 2.0, 'ft_early_stop_epochs': -1, 'ft_epochs': 50, 'ft_freq_mask': 0, 'ft_time_mask': 0, 'ft_noise': 0.0, 'ft_rrc': False, 'name': '', 'task_metadata': 'evar/metadata/circor4.csv', 'task_data': 'work/16k/circor4', 'unit_samples': 80000, 'id': 'circor4_ar_m2d.AR_M2D_fc5206c8', 'optim': 'sgd', 'unit_sec': None, 'data_path': 'work', 'eval_checkpoint': PosixPath('logs/circor4_ar_m2d.AR_M2D_fc5206c8/weights_ep35it562-0.83813_loss0.6062.pth'), 'runtime_cfg': {'lr': 0.00025, 'seed': 12, 'hidden': [], 'mixup': 0.0, 'bs': 32, 'freq_mask': 0, 'time_mask': 0, 'rrc': False, 'epochs': 50, 'early_stop_epochs': -1, 'n_class': 3, 'id': '0720221a'}, 'input_size': [80, 608], 'patch_size': [16, 16], 'model': 'm2d_vit_base_encoder_only', 'decoder_depth': 8}"
M2D,circor5,0.8066666666666666,0.6938922695514987,0.8666666666666667,0.3529411764705882,0.8620689655172413,weights-final/m2d_vit_base-80x608p16x16-220930-mr7/checkpoint-300.pth,circor5_ar_m2d.AR_M2D_79959fa6,"Finetuning circor5_ar_m2d.AR_M2D_79959fa6- on circor5 -> weighted_accuracy: 0.80667. UAR: 0.69389, recall per class: [0.86666667 0.35294118 0.86206897], best weight: logs/circor5_ar_m2d.AR_M2D_79959fa6/weights_ep49it560-0.81977_loss0.7981.pth, config: {'audio_repr': 'ar_m2d.AR_M2D', 'weight_file': 'weights-final/m2d_vit_base-80x608p16x16-220930-mr7/checkpoint-300.pth', 'feature_d': 3840, 'sample_rate': 16000, 'n_fft': 400, 'window_size': 400, 'hop_size': 160, 'n_mels': 80, 'f_min': 50, 'f_max': 8000, 'window': 'hanning', 'cls_token': False, 'output_layers': [-1], 'encoder_only': True, 'dur_frames': None, 'freeze_embed': True, 'training_mask': 0.0, 'flat_features': False, 'batch_size': 128, 'lr_lineareval': 3e-05, 'report_per_epochs': 50, 'early_stop_epochs': 20, 'warmup_epochs': 5, 'mixup': 0.0, 'ft_bs': 32, 'ft_lr': 2.0, 'ft_early_stop_epochs': -1, 'ft_epochs': 50, 'ft_freq_mask': 0, 'ft_time_mask': 0, 'ft_noise': 0.0, 'ft_rrc': False, 'name': '', 'task_metadata': 'evar/metadata/circor5.csv', 'task_data': 'work/16k/circor5', 'unit_samples': 80000, 'id': 'circor5_ar_m2d.AR_M2D_79959fa6', 'optim': 'sgd', 'unit_sec': None, 'data_path': 'work', 'eval_checkpoint': PosixPath('logs/circor5_ar_m2d.AR_M2D_79959fa6/weights_ep49it560-0.81977_loss0.7981.pth'), 'runtime_cfg': {'lr': 0.00025, 'seed': 12, 'hidden': [], 'mixup': 0.0, 'bs': 32, 'freq_mask': 0, 'time_mask': 0, 'rrc': False, 'epochs': 50, 'early_stop_epochs': -1, 'n_class': 3, 'id': '0720221a'}, 'input_size': [80, 608], 'patch_size': [16, 16], 'model': 'm2d_vit_base_encoder_only', 'decoder_depth': 8}"
M2D,circor1,0.8555555555555555,0.7711066035609647,0.9333333333333333,0.5294117647058824,0.8505747126436781,weights-final/m2d_vit_base-80x608p16x16-220930-mr7/checkpoint-300.pth,circor1_ar_m2d.AR_M2D_8ff7abf7,"Finetuning circor1_ar_m2d.AR_M2D_8ff7abf7- on circor1 -> weighted_accuracy: 0.85556. UAR: 0.77111, recall per class: [0.93333333 0.52941176 0.85057471], best weight: logs/circor1_ar_m2d.AR_M2D_8ff7abf7/weights_ep43it554-0.83129_loss0.7270.pth, config: {'audio_repr': 'ar_m2d.AR_M2D', 'weight_file': 'weights-final/m2d_vit_base-80x608p16x16-220930-mr7/checkpoint-300.pth', 'feature_d': 3840, 'sample_rate': 16000, 'n_fft': 400, 'window_size': 400, 'hop_size': 160, 'n_mels': 80, 'f_min': 50, 'f_max': 8000, 'window': 'hanning', 'cls_token': False, 'output_layers': [-1], 'encoder_only': True, 'dur_frames': None, 'freeze_embed': True, 'training_mask': 0.0, 'flat_features': False, 'batch_size': 128, 'lr_lineareval': 3e-05, 'report_per_epochs': 50, 'early_stop_epochs': 20, 'warmup_epochs': 5, 'mixup': 0.0, 'ft_bs': 32, 'ft_lr': 2.0, 'ft_early_stop_epochs': -1, 'ft_epochs': 50, 'ft_freq_mask': 0, 'ft_time_mask': 0, 'ft_noise': 0.0, 'ft_rrc': False, 'name': '', 'task_metadata': 'evar/metadata/circor1.csv', 'task_data': 'work/16k/circor1', 'unit_samples': 80000, 'id': 'circor1_ar_m2d.AR_M2D_8ff7abf7', 'optim': 'sgd', 'unit_sec': None, 'data_path': 'work', 'eval_checkpoint': PosixPath('logs/circor1_ar_m2d.AR_M2D_8ff7abf7/weights_ep43it554-0.83129_loss0.7270.pth'), 'runtime_cfg': {'lr': 0.00025, 'seed': 12, 'hidden': [], 'mixup': 0.0, 'bs': 32, 'freq_mask': 0, 'time_mask': 0, 'rrc': False, 'epochs': 50, 'early_stop_epochs': -1, 'n_class': 3, 'id': '0720221a'}, 'input_size': [80, 608], 'patch_size': [16, 16], 'model': 'm2d_vit_base_encoder_only', 'decoder_depth': 8}"
